lead,criterion,predictor,comparison_id,focal_strategy,comparator_strategy,quartile,meters,predictor_mean,focal_error_mean,comparator_error_mean,absolute_gain_mean,absolute_gain_median,relative_gain_mean_pct,relative_gain_median_pct,positive_gain_share
1,mae,test_z_clock_rmse,source_transfer,direct_transfer,cer_scratch_limited,1,233,0.4468995900958787,0.2861397491212828,0.2994530705598245,0.013313321438541753,0.009121909584419996,4.750544015173167,3.3945195189817476,0.7682403433476395
1,mae,test_z_clock_rmse,source_transfer,direct_transfer,cer_scratch_limited,2,232,0.6005975405813245,0.2610706410139198,0.2772321469975764,0.016161505983656597,0.012949094135932857,6.146044937018793,5.854965433885424,0.8275862068965517
1,mae,test_z_clock_rmse,source_transfer,direct_transfer,cer_scratch_limited,3,232,0.7448170201841541,0.24729906299047325,0.26534814391141043,0.01804908092093717,0.013408070532185637,7.063293492702632,6.184851077311921,0.8663793103448276
1,mae,test_z_clock_rmse,source_transfer,direct_transfer,cer_scratch_limited,4,232,1.05513645174447,0.2235053482392974,0.23787070388296316,0.014365355643665773,0.010154067496256348,2.068305579420167,6.2407915282847215,0.7801724137931034
1,mae,test_z_clock_rmse,fine_tuning,fine_tuning,direct_transfer,1,233,0.4468995900958787,0.2970066433501309,0.2861397491212828,-0.010866894228848173,-0.010163122783495487,-3.955354907747452,-3.760882217710807,0.0
1,mae,test_z_clock_rmse,fine_tuning,fine_tuning,direct_transfer,2,232,0.6005975405813245,0.2716760822173101,0.2610706410139198,-0.010605441203390239,-0.010388159012984205,-4.220649701749752,-3.788771702912989,0.0
1,mae,test_z_clock_rmse,fine_tuning,fine_tuning,direct_transfer,3,232,0.7448170201841541,0.2565923574708735,0.24729906299047325,-0.009293294480400248,-0.00860264890939988,-4.090699487366139,-3.8799166025729903,0.0
1,mae,test_z_clock_rmse,fine_tuning,fine_tuning,direct_transfer,4,232,1.05513645174447,0.23294654295046197,0.2235053482392974,-0.009441194711164579,-0.00860901700835029,-4.960437261904723,-4.279499152634412,0.008620689655172414
1,mae,test_z_clock_rmse,full_data,cer_scratch_full,cer_scratch_limited,1,233,0.4468995900958787,0.2814379831700302,0.2994530705598245,0.018015087389794314,0.0129505772018767,6.091100209351067,4.800636134760593,0.8841201716738197
1,mae,test_z_clock_rmse,full_data,cer_scratch_full,cer_scratch_limited,2,232,0.6005975405813245,0.2566679361057419,0.2772321469975764,0.02056421089183449,0.016636563320996584,7.925364169925787,7.140395738528263,0.9008620689655172
1,mae,test_z_clock_rmse,full_data,cer_scratch_full,cer_scratch_limited,3,232,0.7448170201841541,0.245719416351057,0.26534814391141043,0.019628727560353373,0.014918150996465845,7.65120330224614,6.532871716932341,0.8836206896551724
1,mae,test_z_clock_rmse,full_data,cer_scratch_full,cer_scratch_limited,4,232,1.05513645174447,0.21369068667968544,0.23787070388296316,0.024180017203277712,0.01660943842598985,6.173653836364316,7.528095563810744,0.853448275862069
1,mae,test_z_clock_rmse,direct_vs_full,direct_transfer,cer_scratch_full,1,233,0.4468995900958787,0.2861397491212828,0.2814379831700302,-0.004701765951252561,-0.0030325751450738236,-1.4727799715755356,-1.082510178727507,0.3905579399141631
1,mae,test_z_clock_rmse,direct_vs_full,direct_transfer,cer_scratch_full,2,232,0.6005975405813245,0.2610706410139198,0.2566679361057419,-0.004402704908177892,-0.0025900495610179514,-2.119547930400658,-1.0685089017945515,0.39655172413793105
1,mae,test_z_clock_rmse,direct_vs_full,direct_transfer,cer_scratch_full,3,232,0.7448170201841541,0.24729906299047325,0.245719416351057,-0.0015796466394161998,-0.000574092290720099,-0.8360288357860824,-0.4060615344706288,0.4698275862068966
1,mae,test_z_clock_rmse,direct_vs_full,direct_transfer,cer_scratch_full,4,232,1.05513645174447,0.2235053482392974,0.21369068667968544,-0.009814661559611939,-0.004043288020605409,-6.421560797825219,-1.99136805902505,0.41810344827586204
1,mae,test_z_clock_rmse,fine_tuning_vs_limited,fine_tuning,cer_scratch_limited,1,233,0.4468995900958787,0.2970066433501309,0.2994530705598245,0.0024464272096935804,-0.0008825730064183634,0.9737374831523778,-0.33714267135379433,0.47639484978540775
1,mae,test_z_clock_rmse,fine_tuning_vs_limited,fine_tuning,cer_scratch_limited,2,232,0.6005975405813245,0.2716760822173101,0.2772321469975764,0.0055560647802663605,0.004096603076167403,2.136609916138852,1.807238101518057,0.5991379310344828
1,mae,test_z_clock_rmse,fine_tuning_vs_limited,fine_tuning,cer_scratch_limited,3,232,0.7448170201841541,0.2565923574708735,0.26534814391141043,0.008755786440536924,0.005355141928468692,3.2661380500600443,2.616050752715328,0.6379310344827587
1,mae,test_z_clock_rmse,fine_tuning_vs_limited,fine_tuning,cer_scratch_limited,4,232,1.05513645174447,0.23294654295046197,0.23787070388296316,0.004924160932501195,0.0030745427972814,-3.240563447402312,2.4177259306477854,0.5818965517241379
1,mae,test_z_clock_rmse,full_vs_fine_tuning,cer_scratch_full,fine_tuning,1,233,0.4468995900958787,0.2814379831700302,0.2970066433501309,0.015568660180100734,0.01292790785657369,4.915921770675675,4.601775651685023,0.8412017167381974
1,mae,test_z_clock_rmse,full_vs_fine_tuning,cer_scratch_full,fine_tuning,2,232,0.6005975405813245,0.2566679361057419,0.2716760822173101,0.01500814611156813,0.012387104699775553,5.296221025545404,4.877092427401644,0.8491379310344828
1,mae,test_z_clock_rmse,full_vs_fine_tuning,cer_scratch_full,fine_tuning,3,232,0.7448170201841541,0.245719416351057,0.2565923574708735,0.010872941119816447,0.00828211748310699,4.2995713592480795,3.8666539667693174,0.7758620689655172
1,mae,test_z_clock_rmse,full_vs_fine_tuning,cer_scratch_full,fine_tuning,4,232,1.05513645174447,0.21369068667968544,0.23294654295046197,0.01925585627077652,0.0119955096014401,7.789724747265835,5.844347886309927,0.7198275862068966
1,mae,test_mean_abs_change_pct,source_transfer,direct_transfer,cer_scratch_limited,1,233,6.5005249337291255,0.2506174600460795,0.25640084996996926,0.005783389923889771,0.005569147165358002,3.556263460915652,2.5212820876345905,0.6995708154506438
1,mae,test_mean_abs_change_pct,source_transfer,direct_transfer,cer_scratch_limited,2,232,19.598732108118142,0.2552301270210663,0.26404767919713296,0.008817552176066685,0.007941001709803469,4.236884576638007,3.4911187457810064,0.7672413793103449
1,mae,test_mean_abs_change_pct,source_transfer,direct_transfer,cer_scratch_limited,3,232,39.58503196415356,0.25626175996884837,0.27246380244624513,0.016202042477396754,0.01431780629530309,6.2409567710050045,5.948512272816886,0.853448275862069
1,mae,test_mean_abs_change_pct,source_transfer,direct_transfer,cer_scratch_limited,4,232,137.51540675880167,0.25605856764395835,0.2871773036547627,0.031118736010804345,0.0240110584137036,5.999230976765826,9.858511755388,0.9224137931034483
1,mae,test_mean_abs_change_pct,fine_tuning,fine_tuning,direct_transfer,1,233,6.5005249337291255,0.26328080688105265,0.2506174600460795,-0.012663346834973126,-0.01317623498722903,-5.30022114015232,-5.119905137577503,0.0
1,mae,test_mean_abs_change_pct,fine_tuning,fine_tuning,direct_transfer,2,232,19.598732108118142,0.26617787872993337,0.2552301270210663,-0.010947751708867085,-0.010317858375329197,-4.486621375625527,-4.1136866344143295,0.0
1,mae,test_mean_abs_change_pct,fine_tuning,fine_tuning,direct_transfer,3,232,39.58503196415356,0.2656560317417538,0.25626175996884837,-0.009394271772905359,-0.00847612692697751,-3.9978701175480564,-3.4378855661125893,0.0
1,mae,test_mean_abs_change_pct,fine_tuning,fine_tuning,direct_transfer,4,232,137.51540675880167,0.2632522786208172,0.25605856764395835,-0.007193710976858855,-0.006398850559174996,-3.4366318882335216,-2.804597017464663,0.008620689655172414
1,mae,test_mean_abs_change_pct,full_data,cer_scratch_full,cer_scratch_limited,1,233,6.5005249337291255,0.23927840922646673,0.25640084996996926,0.01712244074350256,0.015229659949701907,7.483544517922095,6.0828214475557045,0.9141630901287554
1,mae,test_mean_abs_change_pct,full_data,cer_scratch_full,cer_scratch_limited,2,232,19.598732108118142,0.2482597804566078,0.26404767919713296,0.015787898740525153,0.012435840877137547,6.380678533231848,5.5164037656386,0.8706896551724138
1,mae,test_mean_abs_change_pct,full_data,cer_scratch_full,cer_scratch_limited,3,232,39.58503196415356,0.25320231509267066,0.27246380244624513,0.019261487353574476,0.01475298667337581,7.4357981012736545,6.297849307404656,0.8836206896551724
1,mae,test_mean_abs_change_pct,full_data,cer_scratch_full,cer_scratch_limited,4,232,137.51540675880167,0.2569572398322503,0.2871773036547627,0.030220063822512404,0.0186926629233371,6.535298450336562,7.805216584824034,0.853448275862069
1,mae,test_mean_abs_change_pct,direct_vs_full,direct_transfer,cer_scratch_full,1,233,6.5005249337291255,0.2506174600460795,0.23927840922646673,-0.01133905081961279,-0.011197527958396403,-4.486535285569243,-4.823480149629553,0.15879828326180256
1,mae,test_mean_abs_change_pct,direct_vs_full,direct_transfer,cer_scratch_full,2,232,19.598732108118142,0.2552301270210663,0.2482597804566078,-0.0069703465644584675,-0.004500583031340821,-2.570008022473925,-1.7424763667104035,0.3017241379310345
1,mae,test_mean_abs_change_pct,direct_vs_full,direct_transfer,cer_scratch_full,3,232,39.58503196415356,0.25626175996884837,0.25320231509267066,-0.0030594448761777234,-0.00022196857973093287,-1.522679711455434,-0.1315334548710053,0.49137931034482757
1,mae,test_mean_abs_change_pct,direct_vs_full,direct_transfer,cer_scratch_full,4,232,137.51540675880167,0.25605856764395835,0.2569572398322503,0.0008986721882919395,0.006392731788484346,-2.25770419145961,2.8582717356192524,0.7241379310344828
1,mae,test_mean_abs_change_pct,fine_tuning_vs_limited,fine_tuning,cer_scratch_limited,1,233,6.5005249337291255,0.26328080688105265,0.25640084996996926,-0.006879956911083353,-0.005518778642685573,-1.4922695313348169,-2.3644130719281775,0.2875536480686695
1,mae,test_mean_abs_change_pct,fine_tuning_vs_limited,fine_tuning,cer_scratch_limited,2,232,19.598732108118142,0.26617787872993337,0.26404767919713296,-0.0021301995328004003,-0.001283776214653004,-0.05052941178820251,-0.5859734789728587,0.4698275862068966
1,mae,test_mean_abs_change_pct,fine_tuning_vs_limited,fine_tuning,cer_scratch_limited,3,232,39.58503196415356,0.2656560317417538,0.27246380244624513,0.006807770704491394,0.006413566677007203,2.4786787088218367,2.708175424133921,0.6724137931034483
1,mae,test_mean_abs_change_pct,fine_tuning_vs_limited,fine_tuning,cer_scratch_limited,4,232,137.51540675880167,0.2632522786208172,0.2871773036547627,0.02392502503394549,0.01739695909200009,2.210671576829832,7.468270348574826,0.8663793103448276
1,mae,test_mean_abs_change_pct,full_vs_fine_tuning,cer_scratch_full,fine_tuning,1,233,6.5005249337291255,0.23927840922646673,0.26328080688105265,0.024002397654585915,0.023897538581019617,8.8308118239349,8.853369410422188,0.9356223175965666
1,mae,test_mean_abs_change_pct,full_vs_fine_tuning,cer_scratch_full,fine_tuning,2,232,19.598732108118142,0.2482597804566078,0.26617787872993337,0.017918098273325554,0.014845029435325757,6.226689224223039,5.5449569299413835,0.9137931034482759
1,mae,test_mean_abs_change_pct,full_vs_fine_tuning,cer_scratch_full,fine_tuning,3,232,39.58503196415356,0.25320231509267066,0.2656560317417538,0.012453716649083083,0.008565712137713039,4.726004165133189,3.081978199056305,0.8405172413793104
1,mae,test_mean_abs_change_pct,full_vs_fine_tuning,cer_scratch_full,fine_tuning,4,232,137.51540675880167,0.2569572398322503,0.2632522786208172,0.006295038788566916,-9.097433123783638e-05,2.50105916335223,-0.03315543855434499,0.4956896551724138
1,mae,test_low_share_abs_change_pp,source_transfer,direct_transfer,cer_scratch_limited,1,233,0.3774889644805708,0.3020820070467314,0.3229175425987055,0.020835535551974062,0.014295326152200694,6.665947115881683,5.213144772450862,0.8283261802575107
1,mae,test_low_share_abs_change_pp,source_transfer,direct_transfer,cer_scratch_limited,2,232,3.1579828658870066,0.259314703338375,0.27114566367314147,0.011830960334766497,0.009473454326554526,5.040151249911063,4.274354055887847,0.8362068965517241
1,mae,test_low_share_abs_change_pp,source_transfer,direct_transfer,cer_scratch_limited,3,232,8.19414557490423,0.23962185980797165,0.25402462292752037,0.014402763119548788,0.009497788672529442,5.940988410110653,4.99502409618856,0.8189655172413793
1,mae,test_low_share_abs_change_pp,source_transfer,direct_transfer,cer_scratch_limited,4,232,24.74905530954693,0.21692751454290615,0.23171509618672229,0.014787581643816121,0.01403658473781489,2.372845200563478,7.302750484446172,0.7586206896551724
1,mae,test_low_share_abs_change_pp,fine_tuning,fine_tuning,direct_transfer,1,233,0.3774889644805708,0.31306694225877324,0.3020820070467314,-0.010984935212041818,-0.010557058016892495,-3.8388217101799387,-3.582288083230191,0.0
1,mae,test_low_share_abs_change_pp,fine_tuning,fine_tuning,direct_transfer,2,232,3.1579828658870066,0.2696762347121516,0.259314703338375,-0.010361531373776597,-0.009529535960678459,-4.23985762758221,-3.985392362613951,0.0
1,mae,test_low_share_abs_change_pp,fine_tuning,fine_tuning,direct_transfer,3,232,8.19414557490423,0.2492629672539366,0.23962185980797165,-0.009641107445964943,-0.009172485006274655,-4.251966538781761,-3.9033755849773524,0.004310344827586207
1,mae,test_low_share_abs_change_pp,fine_tuning,fine_tuning,direct_transfer,4,232,24.74905530954693,0.22614625633758467,0.21692751454290615,-0.009218741794678532,-0.008361894798240996,-4.896997780489535,-4.330491265119568,0.004310344827586207
1,mae,test_low_share_abs_change_pp,full_data,cer_scratch_full,cer_scratch_limited,1,233,0.3774889644805708,0.29829918003259787,0.3229175425987055,0.024618362566107638,0.019156887680702173,7.600847035011213,6.725183161113977,0.9141630901287554
1,mae,test_low_share_abs_change_pp,full_data,cer_scratch_full,cer_scratch_limited,2,232,3.1579828658870066,0.2549917566243862,0.27114566367314147,0.016153907048755217,0.013740319527993788,6.343135068166956,5.836700185379608,0.8793103448275862
1,mae,test_low_share_abs_change_pp,full_data,cer_scratch_full,cer_scratch_limited,3,232,8.19414557490423,0.23590092686153658,0.25402462292752037,0.018123696065983866,0.012848705752559836,7.29381139132357,6.037072607906586,0.8706896551724138
1,mae,test_low_share_abs_change_pp,full_data,cer_scratch_full,cer_scratch_limited,4,232,24.74905530954693,0.20825148121531042,0.23171509618672229,0.023463614971411816,0.015692265218022472,6.597020493964623,7.568482267270781,0.8577586206896551
1,mae,test_low_share_abs_change_pp,direct_vs_full,direct_transfer,cer_scratch_full,1,233,0.3774889644805708,0.3020820070467314,0.29829918003259787,-0.0037828270141335735,-0.0014758371424409833,-1.154608706128579,-0.6593432268709399,0.44206008583690987
1,mae,test_low_share_abs_change_pp,direct_vs_full,direct_transfer,cer_scratch_full,2,232,3.1579828658870066,0.259314703338375,0.2549917566243862,-0.004322946713988722,-0.002744322509977859,-1.599959607169484,-1.3055752321112832,0.375
1,mae,test_low_share_abs_change_pp,direct_vs_full,direct_transfer,cer_scratch_full,3,232,8.19414557490423,0.23962185980797165,0.23590092686153658,-0.003720932946435078,-0.0024188762010851073,-1.918328122126357,-0.9966750911427591,0.4051724137931034
1,mae,test_low_share_abs_change_pp,direct_vs_full,direct_transfer,cer_scratch_full,4,232,24.74905530954693,0.21692751454290615,0.20825148121531042,-0.008676033327595698,-0.0017627541805176478,-6.178392528031382,-0.9336572820372091,0.4525862068965517
1,mae,test_low_share_abs_change_pp,fine_tuning_vs_limited,fine_tuning,cer_scratch_limited,1,233,0.3774889644805708,0.31306694225877324,0.3229175425987055,0.009850600339932245,0.004886492372947401,3.0704686057384447,1.7803998077551697,0.6051502145922747
1,mae,test_low_share_abs_change_pp,fine_tuning_vs_limited,fine_tuning,cer_scratch_limited,2,232,3.1579828658870066,0.2696762347121516,0.27114566367314147,0.0014694289609899008,0.00011104882856755038,1.0222009002072174,0.05199473979943485,0.5043103448275862
1,mae,test_low_share_abs_change_pp,fine_tuning_vs_limited,fine_tuning,cer_scratch_limited,3,232,8.19414557490423,0.2492629672539366,0.25402462292752037,0.004761655673583847,0.0015163862730129887,1.931928656057954,0.7556553750582876,0.5603448275862069
1,mae,test_low_share_abs_change_pp,fine_tuning_vs_limited,fine_tuning,cer_scratch_limited,4,232,24.74905530954693,0.22614625633758467,0.23171509618672229,0.005568839849137589,0.00619958389409362,-2.8977137942037308,3.3283956559534165,0.625
1,mae,test_low_share_abs_change_pp,full_vs_fine_tuning,cer_scratch_full,fine_tuning,1,233,0.3774889644805708,0.29829918003259787,0.31306694225877324,0.014767762226175391,0.012009093928906395,4.41219953420132,3.8648427226839517,0.7896995708154506
1,mae,test_low_share_abs_change_pp,full_vs_fine_tuning,cer_scratch_full,fine_tuning,2,232,3.1579828658870066,0.2549917566243862,0.2696762347121516,0.014684478087765317,0.011931418950277745,5.218847153261197,4.996995084148226,0.8577586206896551
1,mae,test_low_share_abs_change_pp,full_vs_fine_tuning,cer_scratch_full,fine_tuning,3,232,8.19414557490423,0.23590092686153658,0.2492629672539366,0.013362040392400019,0.011359876218880044,5.1934312089584305,4.7983705693570915,0.7931034482758621
1,mae,test_low_share_abs_change_pp,full_vs_fine_tuning,cer_scratch_full,fine_tuning,4,232,24.74905530954693,0.20825148121531042,0.22614625633758467,0.017894775122274227,0.010410241339396803,7.4791322228505726,5.12537928545656,0.7456896551724138
1,mae,test_high_share_abs_change_pp,source_transfer,direct_transfer,cer_scratch_limited,1,233,0.5815469077633973,0.17851055473744262,0.18684024132575794,0.008329686588315297,0.006952742350788604,4.954115095375347,4.775695711346965,0.7854077253218884
1,mae,test_high_share_abs_change_pp,source_transfer,direct_transfer,cer_scratch_limited,2,232,2.591100036982731,0.22501892646321697,0.23476382860267736,0.009744902139460387,0.009175132474197753,3.4080291402651084,4.067670989257928,0.7629310344827587
1,mae,test_high_share_abs_change_pp,source_transfer,direct_transfer,cer_scratch_limited,3,232,6.365238057898254,0.2756422675785133,0.28749889856807076,0.011856630989557413,0.009889185875344653,3.9542707324314703,3.822791783997897,0.7844827586206896
1,mae,test_high_share_abs_change_pp,source_transfer,direct_transfer,cer_scratch_limited,4,232,16.735212579699752,0.3393069715271099,0.3712864969812774,0.03197952545416745,0.026096569985756185,7.710895594690237,7.6442602901200765,0.9094827586206896
1,mae,test_high_share_abs_change_pp,fine_tuning,fine_tuning,direct_transfer,1,233,0.5815469077633973,0.18764158445784437,0.17851055473744262,-0.009131029720401718,-0.008824623654781621,-5.188470512804061,-5.119905137577503,0.0
1,mae,test_high_share_abs_change_pp,fine_tuning,fine_tuning,direct_transfer,2,232,2.591100036982731,0.23581301664204923,0.22501892646321697,-0.010794090178832275,-0.010757405238384199,-4.999166292744749,-4.501618376697096,0.004310344827586207
1,mae,test_high_share_abs_change_pp,fine_tuning,fine_tuning,direct_transfer,3,232,6.365238057898254,0.2862821142409658,0.2756422675785133,-0.010639846662452492,-0.009705744228697688,-4.05197311497113,-3.5445340922738997,0.0
1,mae,test_high_share_abs_change_pp,fine_tuning,fine_tuning,direct_transfer,4,232,16.735212579699752,0.348956311763832,0.3393069715271099,-0.009649340236722129,-0.008631334555089742,-2.9822162847780556,-2.7756990244269124,0.004310344827586207
1,mae,test_high_share_abs_change_pp,full_data,cer_scratch_full,cer_scratch_limited,1,233,0.5815469077633973,0.17206164526810325,0.18684024132575794,0.014778596057654697,0.013414703719063503,7.501569979082068,7.374838894423173,0.8884120171673819
1,mae,test_high_share_abs_change_pp,full_data,cer_scratch_full,cer_scratch_limited,2,232,2.591100036982731,0.21821677511536858,0.23476382860267736,0.016547053487308797,0.013896881580103798,5.8854567241547215,5.928981534340807,0.896551724137931
1,mae,test_high_share_abs_change_pp,full_data,cer_scratch_full,cer_scratch_limited,3,232,6.365238057898254,0.2713677870796976,0.28749889856807076,0.01613111148837309,0.012539325847099908,5.795037499816787,4.642438922924178,0.8275862068965517
1,mae,test_high_share_abs_change_pp,full_data,cer_scratch_full,cer_scratch_limited,4,232,16.735212579699752,0.33634126457568103,0.3712864969812774,0.03494523240559633,0.025537055644109602,8.653177703757308,7.392912566843584,0.9094827586206896
1,mae,test_high_share_abs_change_pp,direct_vs_full,direct_transfer,cer_scratch_full,1,233,0.5815469077633973,0.17851055473744262,0.17206164526810325,-0.006448909469339401,-0.004800123193684905,-3.879598402806062,-3.1515007724427586,0.296137339055794
1,mae,test_high_share_abs_change_pp,direct_vs_full,direct_transfer,cer_scratch_full,2,232,2.591100036982731,0.22501892646321697,0.21821677511536858,-0.006802151347848407,-0.004894198290400352,-3.3275844072467406,-2.3578450473553088,0.34051724137931033
1,mae,test_high_share_abs_change_pp,direct_vs_full,direct_transfer,cer_scratch_full,3,232,6.365238057898254,0.2756422675785133,0.2713677870796976,-0.0042744804988156734,-0.0017024280632082917,-2.1716436893643603,-0.7324804730715098,0.43103448275862066
1,mae,test_high_share_abs_change_pp,direct_vs_full,direct_transfer,cer_scratch_full,4,232,16.735212579699752,0.3393069715271099,0.33634126457568103,-0.0029657069514288734,0.003072768274382423,-1.4607168187943387,0.8943420445342398,0.6077586206896551
1,mae,test_high_share_abs_change_pp,fine_tuning_vs_limited,fine_tuning,cer_scratch_limited,1,233,0.5815469077633973,0.18764158445784437,0.18684024132575794,-0.0008013431320864229,-0.00030430255156829733,-0.09236994914510921,-0.14146906993161693,0.49356223175965663
1,mae,test_high_share_abs_change_pp,fine_tuning_vs_limited,fine_tuning,cer_scratch_limited,2,232,2.591100036982731,0.23581301664204923,0.23476382860267736,-0.0010491880393718866,-0.0006795448109027102,-1.5772114973724451,-0.31947553209553226,0.4698275862068966
1,mae,test_high_share_abs_change_pp,fine_tuning_vs_limited,fine_tuning,cer_scratch_limited,3,232,6.365238057898254,0.2862821142409658,0.28749889856807076,0.001216784327104923,0.0007336647289424569,-0.036817301872087246,0.3297175008637381,0.5301724137931034
1,mae,test_high_share_abs_change_pp,fine_tuning_vs_limited,fine_tuning,cer_scratch_limited,4,232,16.735212579699752,0.348956311763832,0.3712864969812774,0.02233018521744532,0.017071652585271574,4.846916040995058,5.466141834689952,0.8017241379310345
1,mae,test_high_share_abs_change_pp,full_vs_fine_tuning,cer_scratch_full,fine_tuning,1,233,0.5815469077633973,0.17206164526810325,0.18764158445784437,0.01557993918974112,0.014083826539065803,7.312241066333479,7.781645320533521,0.8626609442060086
1,mae,test_high_share_abs_change_pp,full_vs_fine_tuning,cer_scratch_full,fine_tuning,2,232,2.591100036982731,0.21821677511536858,0.23581301664204923,0.017596241526680684,0.01637340055646104,6.878514780627931,6.09201015680505,0.8491379310344828
1,mae,test_high_share_abs_change_pp,full_vs_fine_tuning,cer_scratch_full,fine_tuning,3,232,6.365238057898254,0.2713677870796976,0.2862821142409658,0.014914327161268164,0.011663125449512923,5.0590092387413055,3.89625038373004,0.8275862068965517
1,mae,test_high_share_abs_change_pp,full_vs_fine_tuning,cer_scratch_full,fine_tuning,4,232,16.735212579699752,0.33634126457568103,0.348956311763832,0.012615047188151004,0.005280885249251854,3.0413448545509927,1.6113689567214717,0.646551724137931
1,rmse,test_z_clock_rmse,source_transfer,direct_transfer,cer_scratch_limited,1,233,0.4468995900958787,0.48123658476158726,0.508545165450635,0.027308580689047693,0.0209425789129718,5.431239983252066,4.4549941076507835,0.9871244635193133
1,rmse,test_z_clock_rmse,source_transfer,direct_transfer,cer_scratch_limited,2,232,0.6005975405813245,0.447318166065836,0.4747627914646097,0.027444625398773684,0.023261990180461614,6.1419180066265415,5.082065551733255,0.9870689655172413
1,rmse,test_z_clock_rmse,source_transfer,direct_transfer,cer_scratch_limited,3,232,0.7448170201841541,0.43035679831707574,0.45715234383815573,0.026795545521080013,0.02218428715101592,5.943627505751429,5.090575993108127,0.9913793103448276
1,rmse,test_z_clock_rmse,source_transfer,direct_transfer,cer_scratch_limited,4,232,1.05513645174447,0.39824053971023604,0.42410449744513523,0.025863957734899256,0.019174511550815496,4.844226933710603,5.153941279733424,0.9267241379310345
1,rmse,test_z_clock_rmse,fine_tuning,fine_tuning,direct_transfer,1,233,0.4468995900958787,0.48222461464652594,0.48123658476158726,-0.0009880298849386676,-0.0004546430911696042,-0.2645260060321284,-0.10191938055967827,0.41630901287553645
1,rmse,test_z_clock_rmse,fine_tuning,fine_tuning,direct_transfer,2,232,0.6005975405813245,0.4485171156083579,0.447318166065836,-0.0011989495425218477,-0.0006406145027866433,-0.36852763800719435,-0.1604583865888912,0.31896551724137934
1,rmse,test_z_clock_rmse,fine_tuning,fine_tuning,direct_transfer,3,232,0.7448170201841541,0.4313353409643917,0.43035679831707574,-0.0009785426473160105,-0.0005550336974906311,-0.3113912066146598,-0.15698255324120766,0.3922413793103448
1,rmse,test_z_clock_rmse,fine_tuning,fine_tuning,direct_transfer,4,232,1.05513645174447,0.4009409701797875,0.39824053971023604,-0.0027004304695515268,-0.001362710214274379,-1.0485727099053692,-0.4147102297695362,0.2413793103448276
1,rmse,test_z_clock_rmse,full_data,cer_scratch_full,cer_scratch_limited,1,233,0.4468995900958787,0.47519744127927216,0.508545165450635,0.033347724171362836,0.02624282177948689,6.574944702796447,5.3463470403860835,1.0
1,rmse,test_z_clock_rmse,full_data,cer_scratch_full,cer_scratch_limited,2,232,0.6005975405813245,0.4417648805800358,0.4747627914646097,0.032997910884573906,0.027879596052565195,7.3214971136728195,6.129523827350166,1.0
1,rmse,test_z_clock_rmse,full_data,cer_scratch_full,cer_scratch_limited,3,232,0.7448170201841541,0.42532833025876826,0.45715234383815573,0.03182401357938749,0.02664284676813128,6.971080859477242,6.019238919401307,0.9956896551724138
1,rmse,test_z_clock_rmse,full_data,cer_scratch_full,cer_scratch_limited,4,232,1.05513645174447,0.3791545900799101,0.42410449744513523,0.044949907365225125,0.028276592386189958,8.097745899894472,7.099866440106915,0.978448275862069
1,rmse,test_z_clock_rmse,direct_vs_full,direct_transfer,cer_scratch_full,1,233,0.4468995900958787,0.48123658476158726,0.47519744127927216,-0.006039143482315144,-0.005328779896493052,-1.239265170637932,-1.05154616689348,0.10300429184549356
1,rmse,test_z_clock_rmse,direct_vs_full,direct_transfer,cer_scratch_full,2,232,0.6005975405813245,0.447318166065836,0.4417648805800358,-0.005553285485800216,-0.0035545529034731738,-1.341083041472016,-0.9246482453353766,0.16379310344827586
1,rmse,test_z_clock_rmse,direct_vs_full,direct_transfer,cer_scratch_full,3,232,0.7448170201841541,0.43035679831707574,0.42532833025876826,-0.005028468058307475,-0.0034541152573405176,-1.1306634715588328,-0.8051335974537903,0.16810344827586207
1,rmse,test_z_clock_rmse,direct_vs_full,direct_transfer,cer_scratch_full,4,232,1.05513645174447,0.39824053971023604,0.3791545900799101,-0.019085949630325866,-0.005960797717525973,-5.091620708155165,-1.5694662467557832,0.14655172413793102
1,rmse,test_z_clock_rmse,fine_tuning_vs_limited,fine_tuning,cer_scratch_limited,1,233,0.4468995900958787,0.48222461464652594,0.508545165450635,0.026320550804109027,0.020275287040242285,5.191434900787119,4.432880800555368,0.9828326180257511
1,rmse,test_z_clock_rmse,fine_tuning_vs_limited,fine_tuning,cer_scratch_limited,2,232,0.6005975405813245,0.4485171156083579,0.4747627914646097,0.026245675856251836,0.022076325844904626,5.80631776083826,5.025673225614203,0.9870689655172413
1,rmse,test_z_clock_rmse,fine_tuning_vs_limited,fine_tuning,cer_scratch_limited,3,232,0.7448170201841541,0.4313353409643917,0.45715234383815573,0.025817002873764004,0.02161740878315141,5.664549485116397,4.939643993732546,0.9870689655172413
1,rmse,test_z_clock_rmse,fine_tuning_vs_limited,fine_tuning,cer_scratch_limited,4,232,1.05513645174447,0.4009409701797875,0.42410449744513523,0.02316352726534773,0.017501813164318286,3.6935122331828025,4.757314272046257,0.9224137931034483
1,rmse,test_z_clock_rmse,full_vs_fine_tuning,cer_scratch_full,fine_tuning,1,233,0.4468995900958787,0.47519744127927216,0.48222461464652594,0.007027173367253811,0.005327414705494915,1.4541427802872333,1.1524746510000032,0.927038626609442
1,rmse,test_z_clock_rmse,full_vs_fine_tuning,cer_scratch_full,fine_tuning,2,232,0.6005975405813245,0.4417648805800358,0.4485171156083579,0.006752235028322064,0.004242327417923852,1.592812459506263,1.063180001106981,0.853448275862069
1,rmse,test_z_clock_rmse,full_vs_fine_tuning,cer_scratch_full,fine_tuning,3,232,0.7448170201841541,0.42532833025876826,0.4313353409643917,0.006007010705623484,0.0035815491201786342,1.3884646353537626,1.0151901187727983,0.8577586206896551
1,rmse,test_z_clock_rmse,full_vs_fine_tuning,cer_scratch_full,fine_tuning,4,232,1.05513645174447,0.3791545900799101,0.4009409701797875,0.021786380099877396,0.0075364482527228716,4.470255465108648,2.016321572167418,0.896551724137931
1,rmse,test_mean_abs_change_pct,source_transfer,direct_transfer,cer_scratch_limited,1,233,6.5005249337291255,0.4174991567000715,0.4403953670736635,0.022896210373591967,0.0202210023795803,5.606752235627338,4.6405597981732,0.9914163090128756
1,rmse,test_mean_abs_change_pct,source_transfer,direct_transfer,cer_scratch_limited,2,232,19.598732108118142,0.432910152754075,0.4559435928755817,0.023033440121506692,0.01866603485112095,5.3177163026240795,4.785579673735661,0.9870689655172413
1,rmse,test_mean_abs_change_pct,source_transfer,direct_transfer,cer_scratch_limited,3,232,39.58503196415356,0.44253692585381466,0.46913668440510203,0.0265997585512873,0.0218347602412568,5.9990188558823485,4.870232688527796,0.9827586206896551
1,rmse,test_mean_abs_change_pct,source_transfer,direct_transfer,cer_scratch_limited,4,232,137.51540675880167,0.46448058384014246,0.4993829029751237,0.034902319134981305,0.025853909562660343,5.436768516877669,5.898569314221352,0.9310344827586207
1,rmse,test_mean_abs_change_pct,fine_tuning,fine_tuning,direct_transfer,1,233,6.5005249337291255,0.4197597201442311,0.4174991567000715,-0.0022605634441595413,-0.0018847612539770742,-0.6158175809896431,-0.46801586784492333,0.12446351931330472
1,rmse,test_mean_abs_change_pct,fine_tuning,fine_tuning,direct_transfer,2,232,19.598732108118142,0.4341018875368528,0.432910152754075,-0.0011917347827778127,-0.00045813241706985086,-0.32939441618713233,-0.14652308354450294,0.35344827586206895
1,rmse,test_mean_abs_change_pct,fine_tuning,fine_tuning,direct_transfer,3,232,39.58503196415356,0.4430611681636354,0.44253692585381466,-0.0005242423098206825,8.108550054969355e-05,-0.25803977237101156,0.022627629285165353,0.5387931034482759
1,rmse,test_mean_abs_change_pct,fine_tuning,fine_tuning,direct_transfer,4,232,137.51540675880167,0.46636451078926755,0.46448058384014246,-0.0018839269491250981,-0.0006867594600535043,-0.7882516031884718,-0.21452365358123532,0.35344827586206895
1,rmse,test_mean_abs_change_pct,full_data,cer_scratch_full,cer_scratch_limited,1,233,6.5005249337291255,0.41337080827010864,0.4403953670736635,0.02702455880355484,0.02398681416858095,6.435734034981563,5.402104126222583,1.0
1,rmse,test_mean_abs_change_pct,full_data,cer_scratch_full,cer_scratch_limited,2,232,19.598732108118142,0.42836207095158013,0.4559435928755817,0.027581521924001536,0.022118173461039947,6.260185910017483,5.296132764027016,1.0
1,rmse,test_mean_abs_change_pct,full_data,cer_scratch_full,cer_scratch_limited,3,232,39.58503196415356,0.4374432820830847,0.46913668440510203,0.0316934023220173,0.02693077426596449,7.071363056560309,5.956902075882903,0.9913793103448276
1,rmse,test_mean_abs_change_pct,full_data,cer_scratch_full,cer_scratch_limited,4,232,137.51540675880167,0.442535575001011,0.4993829029751237,0.05684732797411278,0.0366604700135158,9.198585620263582,8.33785703283652,0.9827586206896551
1,rmse,test_mean_abs_change_pct,direct_vs_full,direct_transfer,cer_scratch_full,1,233,6.5005249337291255,0.4174991567000715,0.41337080827010864,-0.004128348429962876,-0.003962433014016664,-0.9052910305152495,-0.9363436194478292,0.21888412017167383
1,rmse,test_mean_abs_change_pct,direct_vs_full,direct_transfer,cer_scratch_full,2,232,19.598732108118142,0.432910152754075,0.42836207095158013,-0.004548081802494841,-0.00356364707785492,-1.0361535592588988,-0.8453307962038531,0.14224137931034483
1,rmse,test_mean_abs_change_pct,direct_vs_full,direct_transfer,cer_scratch_full,3,232,39.58503196415356,0.44253692585381466,0.4374432820830847,-0.005093643770729999,-0.004132227878204886,-1.1701284318745335,-0.9922401188034822,0.125
1,rmse,test_mean_abs_change_pct,direct_vs_full,direct_transfer,cer_scratch_full,4,232,137.51540675880167,0.46448058384014246,0.442535575001011,-0.021945008839131468,-0.007981346141764854,-5.692498913882691,-1.7120318786104034,0.09482758620689655
1,rmse,test_mean_abs_change_pct,fine_tuning_vs_limited,fine_tuning,cer_scratch_limited,1,233,6.5005249337291255,0.4197597201442311,0.4403953670736635,0.02063564692943243,0.017779777982237288,5.048544258679181,4.22247780075883,0.9957081545064378
1,rmse,test_mean_abs_change_pct,fine_tuning_vs_limited,fine_tuning,cer_scratch_limited,2,232,19.598732108118142,0.4341018875368528,0.4559435928755817,0.02184170533872888,0.018046780975693538,5.018816032458761,4.533412356933903,0.9870689655172413
1,rmse,test_mean_abs_change_pct,fine_tuning_vs_limited,fine_tuning,cer_scratch_limited,3,232,39.58503196415356,0.4430611681636354,0.46913668440510203,0.026075516241466614,0.02153933780729906,5.771786630743737,4.954633804770227,0.9655172413793104
1,rmse,test_mean_abs_change_pct,fine_tuning_vs_limited,fine_tuning,cer_scratch_limited,4,232,137.51540675880167,0.46636451078926755,0.4993829029751237,0.033018392185856206,0.024458810644386486,4.517283365983021,5.470763437419738,0.9310344827586207
1,rmse,test_mean_abs_change_pct,full_vs_fine_tuning,cer_scratch_full,fine_tuning,1,233,6.5005249337291255,0.41337080827010864,0.4197597201442311,0.0063889118741224165,0.006494186505068611,1.4801043254852588,1.477414656542108,0.8669527896995708
1,rmse,test_mean_abs_change_pct,full_vs_fine_tuning,cer_scratch_full,fine_tuning,2,232,19.598732108118142,0.42836207095158013,0.4341018875368528,0.005739816585272655,0.0039207309025916515,1.3081043467598403,0.9709245210983447,0.875
1,rmse,test_mean_abs_change_pct,full_vs_fine_tuning,cer_scratch_full,fine_tuning,3,232,39.58503196415356,0.4374432820830847,0.4430611681636354,0.005617886080550682,0.003977838810416551,1.3735606966972902,0.9492729713510198,0.8836206896551724
1,rmse,test_mean_abs_change_pct,full_vs_fine_tuning,cer_scratch_full,fine_tuning,4,232,137.51540675880167,0.442535575001011,0.46636451078926755,0.02382893578825657,0.007890786451951612,4.743794068101456,1.7826563862958138,0.9094827586206896
1,rmse,test_low_share_abs_change_pp,source_transfer,direct_transfer,cer_scratch_limited,1,233,0.3774889644805708,0.5082158075760235,0.54207161340364,0.03385580582761637,0.028110406065815274,6.309834765953135,5.269719024726682,1.0
1,rmse,test_low_share_abs_change_pp,source_transfer,direct_transfer,cer_scratch_limited,2,232,3.1579828658870066,0.4423078248296944,0.4662774003878881,0.023969575558193658,0.019730445224700077,5.432258802319318,4.633895860385579,0.9913793103448276
1,rmse,test_low_share_abs_change_pp,source_transfer,direct_transfer,cer_scratch_limited,3,232,8.19414557490423,0.4159782941740788,0.44191479622251323,0.02593650204843444,0.021226613630550673,6.0794501538983505,4.909439440312612,0.9741379310344828
1,rmse,test_low_share_abs_change_pp,source_transfer,direct_transfer,cer_scratch_limited,4,232,24.74905530954693,0.39053387252142785,0.4141564776329729,0.023622605111545115,0.019243979172908446,4.535681660692677,5.165475895425693,0.9267241379310345
1,rmse,test_low_share_abs_change_pp,fine_tuning,fine_tuning,direct_transfer,1,233,0.3774889644805708,0.5096265650429457,0.5082158075760235,-0.0014107574669221905,-0.0005499562605436603,-0.341821531119634,-0.09784417457845017,0.38197424892703863
1,rmse,test_low_share_abs_change_pp,fine_tuning,fine_tuning,direct_transfer,2,232,3.1579828658870066,0.44346549896119414,0.4423078248296944,-0.0011576741314998015,-0.0005405781191927389,-0.34286731094726497,-0.14797997299256077,0.3706896551724138
1,rmse,test_low_share_abs_change_pp,fine_tuning,fine_tuning,direct_transfer,3,232,8.19414557490423,0.41714003887335277,0.4159782941740788,-0.001161744699273953,-0.0007448275836943741,-0.3966352168980618,-0.22683954635857928,0.35344827586206895
1,rmse,test_low_share_abs_change_pp,fine_tuning,fine_tuning,direct_transfer,4,232,24.74905530954693,0.39266782666641353,0.39053387252142785,-0.0021339541449856268,-0.0011603159754184078,-0.9113603312276344,-0.32255452415207014,0.2629310344827586
1,rmse,test_low_share_abs_change_pp,full_data,cer_scratch_full,cer_scratch_limited,1,233,0.3774889644805708,0.49969739826410386,0.54207161340364,0.04237421513953594,0.03442161910687247,7.751003271399621,6.494533449329015,0.9957081545064378
1,rmse,test_low_share_abs_change_pp,full_data,cer_scratch_full,cer_scratch_limited,2,232,3.1579828658870066,0.43696742684447026,0.4662774003878881,0.02930997354341779,0.023585482370859653,6.487527401141613,5.38003382120308,1.0
1,rmse,test_low_share_abs_change_pp,full_data,cer_scratch_full,cer_scratch_limited,3,232,8.19414557490423,0.41009047149724764,0.44191479622251323,0.03182432472526557,0.02631637228946035,7.544928831415819,5.720128396148497,1.0
1,rmse,test_low_share_abs_change_pp,full_data,cer_scratch_full,cer_scratch_limited,4,232,24.74905530954693,0.3745843423292989,0.4141564776329729,0.039572135303674136,0.025144953596990843,7.176739853915808,6.5705519002342685,0.978448275862069
1,rmse,test_low_share_abs_change_pp,direct_vs_full,direct_transfer,cer_scratch_full,1,233,0.3774889644805708,0.5082158075760235,0.49969739826410386,-0.008518409311919575,-0.0057780023215117104,-1.7064885742436446,-1.1537692166594598,0.10300429184549356
1,rmse,test_low_share_abs_change_pp,direct_vs_full,direct_transfer,cer_scratch_full,2,232,3.1579828658870066,0.4423078248296944,0.43696742684447026,-0.0053403979852241325,-0.003992141069938143,-1.1761403851080057,-0.9690906820371601,0.1724137931034483
1,rmse,test_low_share_abs_change_pp,direct_vs_full,direct_transfer,cer_scratch_full,3,232,8.19414557490423,0.4159782941740788,0.41009047149724764,-0.005887822676831128,-0.003631579799786261,-1.9306405154545152,-0.9096294472639075,0.15948275862068967
1,rmse,test_low_share_abs_change_pp,direct_vs_full,direct_transfer,cer_scratch_full,4,232,24.74905530954693,0.39053387252142785,0.3745843423292989,-0.015949530192129018,-0.004678046093175736,-3.9873490230367223,-1.2196345038974306,0.14655172413793102
1,rmse,test_low_share_abs_change_pp,fine_tuning_vs_limited,fine_tuning,cer_scratch_limited,1,233,0.3774889644805708,0.5096265650429457,0.54207161340364,0.03244504836069418,0.0260247545456673,6.007087381987968,5.153396099645176,1.0
1,rmse,test_low_share_abs_change_pp,fine_tuning_vs_limited,fine_tuning,cer_scratch_limited,2,232,3.1579828658870066,0.44346549896119414,0.4662774003878881,0.022811901426693856,0.018681679521754174,5.122840816062082,4.458564544286487,0.9913793103448276
1,rmse,test_low_share_abs_change_pp,fine_tuning_vs_limited,fine_tuning,cer_scratch_limited,3,232,8.19414557490423,0.41714003887335277,0.44191479622251323,0.02477475734916049,0.01994946791522642,5.724818082705357,4.733198550241985,0.978448275862069
1,rmse,test_low_share_abs_change_pp,fine_tuning_vs_limited,fine_tuning,cer_scratch_limited,4,232,24.74905530954693,0.39266782666641353,0.4141564776329729,0.021488650966559487,0.018183831581681242,3.4975523557157193,4.906054260256969,0.9094827586206896
1,rmse,test_low_share_abs_change_pp,full_vs_fine_tuning,cer_scratch_full,fine_tuning,1,233,0.3774889644805708,0.49969739826410386,0.5096265650429457,0.009929166778841765,0.006007585067459409,1.8730329138685058,1.2396711770513296,0.9227467811158798
1,rmse,test_low_share_abs_change_pp,full_vs_fine_tuning,cer_scratch_full,fine_tuning,2,232,3.1579828658870066,0.43696742684447026,0.44346549896119414,0.006498072116723935,0.004675711281457773,1.4531342167217949,1.0845849026813648,0.8577586206896551
1,rmse,test_low_share_abs_change_pp,full_vs_fine_tuning,cer_scratch_full,fine_tuning,3,232,8.19414557490423,0.41009047149724764,0.41714003887335277,0.007049567376105082,0.004803886040336769,1.9593228030715397,1.1155625054948044,0.8793103448275862
1,rmse,test_low_share_abs_change_pp,full_vs_fine_tuning,cer_scratch_full,fine_tuning,4,232,24.74905530954693,0.3745843423292989,0.39266782666641353,0.018083484337114646,0.005303278883160206,3.618379845673458,1.4875263761974233,0.875
1,rmse,test_high_share_abs_change_pp,source_transfer,direct_transfer,cer_scratch_limited,1,233,0.5815469077633973,0.31616624061746745,0.3341037311592537,0.01793749054178628,0.015810143038064883,5.21873436477291,5.0006695802524925,0.9785407725321889
1,rmse,test_high_share_abs_change_pp,source_transfer,direct_transfer,cer_scratch_limited,2,232,2.591100036982731,0.39479180653561863,0.41641151867846316,0.021619712142844513,0.019217736578074907,5.086129065285714,4.65061133879097,0.9655172413793104
1,rmse,test_high_share_abs_change_pp,source_transfer,direct_transfer,cer_scratch_limited,3,232,6.365238057898254,0.4704780813059629,0.49535744184791103,0.024879360541948208,0.021695945286194035,5.304459463357183,4.412872146477218,0.978448275862069
1,rmse,test_high_share_abs_change_pp,source_transfer,direct_transfer,cer_scratch_limited,4,232,16.735212579699752,0.5764274704997555,0.6194440092469222,0.04301653874716674,0.03657209967974903,6.752605508418277,5.89992478895585,0.9698275862068966
1,rmse,test_high_share_abs_change_pp,fine_tuning,fine_tuning,direct_transfer,1,233,0.5815469077633973,0.3176078204010837,0.31616624061746745,-0.0014415797836163375,-0.0010047004960981043,-0.6219697318072093,-0.38044082168259374,0.15450643776824036
1,rmse,test_high_share_abs_change_pp,fine_tuning,fine_tuning,direct_transfer,2,232,2.591100036982731,0.396434828345215,0.39479180653561863,-0.0016430218095962877,-0.000901818321179304,-0.5854721294811379,-0.2487552321976469,0.29310344827586204
1,rmse,test_high_share_abs_change_pp,fine_tuning,fine_tuning,direct_transfer,3,232,6.365238057898254,0.47157361600586717,0.4704780813059629,-0.0010955346999042648,-0.00017098384946373502,-0.40054731455075215,-0.03541659228956738,0.47413793103448276
1,rmse,test_high_share_abs_change_pp,fine_tuning,fine_tuning,direct_transfer,4,232,16.735212579699752,0.5781113317945068,0.5764274704997555,-0.0016838612947513447,-0.00047497119608425065,-0.3834876790057046,-0.08470844246971929,0.4482758620689655
1,rmse,test_high_share_abs_change_pp,full_data,cer_scratch_full,cer_scratch_limited,1,233,0.5815469077633973,0.31293948736496763,0.3341037311592537,0.021164243794286067,0.018537020925505687,6.321114023338657,5.6607605879854965,0.9914163090128756
1,rmse,test_high_share_abs_change_pp,full_data,cer_scratch_full,cer_scratch_limited,2,232,2.591100036982731,0.3905430196670752,0.41641151867846316,0.02586849901138797,0.022834570010175886,6.001374609131639,5.296132764027016,0.9870689655172413
1,rmse,test_high_share_abs_change_pp,full_data,cer_scratch_full,cer_scratch_limited,3,232,6.365238057898254,0.4638416597747387,0.49535744184791103,0.03151578207317248,0.026694213363486263,6.914714711345898,5.415548322201665,0.9956896551724138
1,rmse,test_high_share_abs_change_pp,full_data,cer_scratch_full,cer_scratch_limited,4,232,16.735212579699752,0.5548204631235941,0.6194440092469222,0.06462354612332816,0.04735143700887873,9.729159329781067,7.926882913098385,1.0
1,rmse,test_high_share_abs_change_pp,direct_vs_full,direct_transfer,cer_scratch_full,1,233,0.5815469077633973,0.31616624061746745,0.31293948736496763,-0.003226753252499783,-0.0019059553276823404,-1.9971952109855657,-0.7174251650442682,0.26180257510729615
1,rmse,test_high_share_abs_change_pp,direct_vs_full,direct_transfer,cer_scratch_full,2,232,2.591100036982731,0.39479180653561863,0.3905430196670752,-0.0042487868685434586,-0.0034614509871738475,-1.1398765379910343,-0.9571126862407144,0.16810344827586207
1,rmse,test_high_share_abs_change_pp,direct_vs_full,direct_transfer,cer_scratch_full,3,232,6.365238057898254,0.4704780813059629,0.4638416597747387,-0.0066364215312242755,-0.005548765370240433,-1.8279331205538631,-1.1078358395822199,0.08189655172413793
1,rmse,test_high_share_abs_change_pp,direct_vs_full,direct_transfer,cer_scratch_full,4,232,16.735212579699752,0.5764274704997555,0.5548204631235941,-0.021607007376161422,-0.008212002639053473,-3.8343605824643987,-1.5584410259285004,0.06896551724137931
1,rmse,test_high_share_abs_change_pp,fine_tuning_vs_limited,fine_tuning,cer_scratch_limited,1,233,0.5815469077633973,0.3176078204010837,0.3341037311592537,0.016495910758169943,0.014120186461096695,4.539564336520449,4.801444383388723,0.9785407725321889
1,rmse,test_high_share_abs_change_pp,fine_tuning_vs_limited,fine_tuning,cer_scratch_limited,2,232,2.591100036982731,0.396434828345215,0.41641151867846316,0.019976690333248222,0.017757415222343448,4.496585907310034,4.282861250885931,0.9612068965517241
1,rmse,test_high_share_abs_change_pp,fine_tuning_vs_limited,fine_tuning,cer_scratch_limited,3,232,6.365238057898254,0.47157361600586717,0.49535744184791103,0.02378382584204394,0.021755005411798006,4.939219232148197,4.238667874228151,0.9827586206896551
1,rmse,test_high_share_abs_change_pp,fine_tuning_vs_limited,fine_tuning,cer_scratch_limited,4,232,16.735212579699752,0.5781113317945068,0.6194440092469222,0.0413326774524154,0.03553681374175505,6.38325469086084,5.797402134105893,0.9568965517241379
1,rmse,test_high_share_abs_change_pp,full_vs_fine_tuning,cer_scratch_full,fine_tuning,1,233,0.5815469077633973,0.31293948736496763,0.3176078204010837,0.004668333036116122,0.00345403873682279,1.7577862542458143,1.123864092540782,0.7982832618025751
1,rmse,test_high_share_abs_change_pp,full_vs_fine_tuning,cer_scratch_full,fine_tuning,2,232,2.591100036982731,0.3905430196670752,0.396434828345215,0.005891808678139746,0.004455792304801642,1.6378665960590861,1.1662517972418693,0.8836206896551724
1,rmse,test_high_share_abs_change_pp,full_vs_fine_tuning,cer_scratch_full,fine_tuning,3,232,6.365238057898254,0.4638416597747387,0.47157361600586717,0.00773195623112854,0.005586457676546475,2.0570407346065323,1.1825042832412056,0.9181034482758621
1,rmse,test_high_share_abs_change_pp,full_vs_fine_tuning,cer_scratch_full,fine_tuning,4,232,16.735212579699752,0.5548204631235941,0.5781113317945068,0.023290868670912766,0.007919364967134024,3.4516729472670673,1.4846792726631834,0.9353448275862069
1,smape,test_z_clock_rmse,source_transfer,direct_transfer,cer_scratch_limited,1,233,0.4468995900958787,55.078170203125595,51.0183614244427,-4.0598087786829025,-4.2490682359008645,-7.435852108452073,-8.923828480406735,0.15450643776824036
1,smape,test_z_clock_rmse,source_transfer,direct_transfer,cer_scratch_limited,2,232,0.6005975405813245,52.531352837261345,50.11658080370661,-2.41477203355474,-2.4994551144907504,-4.236836820227373,-5.172606797765766,0.29310344827586204
1,smape,test_z_clock_rmse,source_transfer,direct_transfer,cer_scratch_limited,3,232,0.7448170201841541,53.21170378408061,51.25478732406822,-1.9569164600123878,-2.1492374236274365,-3.7265600311224927,-4.022809054357703,0.30603448275862066
1,smape,test_z_clock_rmse,source_transfer,direct_transfer,cer_scratch_limited,4,232,1.05513645174447,59.615573148941685,57.83203244803301,-1.783540700908665,-1.1541457829101098,-2.912777208334019,-2.6248879068551525,0.3922413793103448
1,smape,test_z_clock_rmse,fine_tuning,fine_tuning,direct_transfer,1,233,0.4468995900958787,57.61160127740333,55.078170203125595,-2.5334310742777304,-2.53563630798795,-4.645978296156433,-4.603529046647784,0.0
1,smape,test_z_clock_rmse,fine_tuning,fine_tuning,direct_transfer,2,232,0.6005975405813245,55.00721208803508,52.531352837261345,-2.4758592507737385,-2.3870970243562653,-4.853099773815735,-4.677114766459341,0.0
1,smape,test_z_clock_rmse,fine_tuning,fine_tuning,direct_transfer,3,232,0.7448170201841541,55.741696113788315,53.21170378408061,-2.529992329707712,-2.445724671230007,-4.76928234293343,-4.801216979872187,0.0
1,smape,test_z_clock_rmse,fine_tuning,fine_tuning,direct_transfer,4,232,1.05513645174447,62.2942821221276,59.615573148941685,-2.67870897318592,-2.4989994149911254,-4.7795764702545265,-4.546874558171019,0.008620689655172414
1,smape,test_z_clock_rmse,full_data,cer_scratch_full,cer_scratch_limited,1,233,0.4468995900958787,52.67404764353597,51.0183614244427,-1.6556862190932768,-1.9832494968010792,-3.127194095144181,-4.048804168734228,0.27467811158798283
1,smape,test_z_clock_rmse,full_data,cer_scratch_full,cer_scratch_limited,2,232,0.6005975405813245,50.528745606418866,50.11658080370661,-0.41216480271226197,-0.5530143576067843,-0.6390817656912893,-1.0787703479833963,0.40086206896551724
1,smape,test_z_clock_rmse,full_data,cer_scratch_full,cer_scratch_limited,3,232,0.7448170201841541,51.56956140332988,51.25478732406822,-0.31477407926165674,-0.5648896953692368,-0.9514647031646876,-1.2883025490152589,0.41810344827586204
1,smape,test_z_clock_rmse,full_data,cer_scratch_full,cer_scratch_limited,4,232,1.05513645174447,57.40405431620314,57.83203244803301,0.427978131829875,0.222506494629247,0.21490701953216837,0.49349962744984743,0.5301724137931034
1,smape,test_z_clock_rmse,direct_vs_full,direct_transfer,cer_scratch_full,1,233,0.4468995900958787,55.078170203125595,52.67404764353597,-2.4041225595896254,-2.2143737865353614,-4.273216148795309,-4.138134664939239,0.2532188841201717
1,smape,test_z_clock_rmse,direct_vs_full,direct_transfer,cer_scratch_full,2,232,0.6005975405813245,52.531352837261345,50.528745606418866,-2.002607230842478,-1.7086746989988768,-3.7112742739183555,-3.4556954422125674,0.2629310344827586
1,smape,test_z_clock_rmse,direct_vs_full,direct_transfer,cer_scratch_full,3,232,0.7448170201841541,53.21170378408061,51.56956140332988,-1.6421423807507312,-1.4361728781959258,-2.977014393506988,-2.885123909277786,0.3577586206896552
1,smape,test_z_clock_rmse,direct_vs_full,direct_transfer,cer_scratch_full,4,232,1.05513645174447,59.615573148941685,57.40405431620314,-2.2115188327385398,-1.6532323616378761,-3.7233491782423207,-3.011120268817878,0.39655172413793105
1,smape,test_z_clock_rmse,fine_tuning_vs_limited,fine_tuning,cer_scratch_limited,1,233,0.4468995900958787,57.61160127740333,51.0183614244427,-6.5932398529606315,-6.642544781712608,-12.433416755361282,-13.829917927807095,0.0944206008583691
1,smape,test_z_clock_rmse,fine_tuning_vs_limited,fine_tuning,cer_scratch_limited,2,232,0.6005975405813245,55.00721208803508,50.11658080370661,-4.890631284328479,-5.126745572747463,-9.293495260481297,-9.990215278526541,0.17672413793103448
1,smape,test_z_clock_rmse,fine_tuning_vs_limited,fine_tuning,cer_scratch_limited,3,232,0.7448170201841541,55.741696113788315,51.25478732406822,-4.4869087897201005,-4.743530784391268,-8.683394666505986,-9.609857693897704,0.15517241379310345
1,smape,test_z_clock_rmse,fine_tuning_vs_limited,fine_tuning,cer_scratch_limited,4,232,1.05513645174447,62.2942821221276,57.83203244803301,-4.462249674094586,-4.033852378983209,-7.886304181996461,-7.716872349800694,0.28879310344827586
1,smape,test_z_clock_rmse,full_vs_fine_tuning,cer_scratch_full,fine_tuning,1,233,0.4468995900958787,52.67404764353597,57.61160127740333,4.937553633867356,4.647387866953231,7.962041643733336,7.995917325396804,0.8969957081545065
1,smape,test_z_clock_rmse,full_vs_fine_tuning,cer_scratch_full,fine_tuning,2,232,0.6005975405813245,50.528745606418866,55.00721208803508,4.478466481616216,4.113599336599364,7.430392468155587,7.6900790728956,0.8836206896551724
1,smape,test_z_clock_rmse,full_vs_fine_tuning,cer_scratch_full,fine_tuning,3,232,0.7448170201841541,51.56956140332988,55.741696113788315,4.172134710458443,3.667053299867675,6.657312321675657,7.268854129920176,0.8275862068965517
1,smape,test_z_clock_rmse,full_vs_fine_tuning,cer_scratch_full,fine_tuning,4,232,1.05513645174447,57.40405431620314,62.2942821221276,4.890227805924461,4.031024061052861,6.443187607070227,7.051974507449108,0.7068965517241379
1,smape,test_mean_abs_change_pct,source_transfer,direct_transfer,cer_scratch_limited,1,233,6.5005249337291255,56.26017357071603,51.84953070685521,-4.4106428638608195,-4.896027973987046,-8.684159173789979,-10.167518378115401,0.12446351931330472
1,smape,test_mean_abs_change_pct,source_transfer,direct_transfer,cer_scratch_limited,2,232,19.598732108118142,54.90750664540996,51.08694544679545,-3.820561198614508,-3.746722524499468,-7.268702713244636,-7.779261069039832,0.15517241379310345
1,smape,test_mean_abs_change_pct,source_transfer,direct_transfer,cer_scratch_limited,3,232,39.58503196415356,54.87686217837754,52.368307429270345,-2.508554749107202,-2.3130351048284687,-4.246339581845179,-4.3915890653443785,0.28879310344827586
1,smape,test_mean_abs_change_pct,source_transfer,direct_transfer,cer_scratch_limited,4,232,137.51540675880167,54.38716273680402,54.913395791112244,0.5262330543082229,0.7190804190444702,1.892555934646154,1.5499684701701855,0.5775862068965517
1,smape,test_mean_abs_change_pct,fine_tuning,fine_tuning,direct_transfer,1,233,6.5005249337291255,59.22099257491085,56.26017357071603,-2.9608190041948266,-2.9285838260048465,-5.36791343508025,-5.291393991243147,0.0
1,smape,test_mean_abs_change_pct,fine_tuning,fine_tuning,direct_transfer,2,232,19.598732108118142,57.56918877690924,54.90750664540996,-2.661682131499293,-2.5034042157435614,-4.92374912521916,-4.773740552922245,0.0
1,smape,test_mean_abs_change_pct,fine_tuning,fine_tuning,direct_transfer,3,232,39.58503196415356,57.336153050332776,54.87686217837754,-2.4592908719552313,-2.3171885681088007,-4.576755313104913,-4.387813722630938,0.0
1,smape,test_mean_abs_change_pct,fine_tuning,fine_tuning,direct_transfer,4,232,137.51540675880167,56.52152016774668,54.38716273680402,-2.1343574309426603,-1.9779410103861714,-4.176407220363887,-3.993745023986026,0.008620689655172414
1,smape,test_mean_abs_change_pct,full_data,cer_scratch_full,cer_scratch_limited,1,233,6.5005249337291255,52.00145200139179,51.84953070685521,-0.1519212945365875,-0.5582487318044542,-0.6370756466906757,-1.11150660231185,0.3948497854077253
1,smape,test_mean_abs_change_pct,full_data,cer_scratch_full,cer_scratch_limited,2,232,19.598732108118142,51.85265152750905,51.08694544679545,-0.765706080713609,-1.258578871898603,-1.638282521400229,-2.31065773120243,0.38362068965517243
1,smape,test_mean_abs_change_pct,full_data,cer_scratch_full,cer_scratch_limited,3,232,39.58503196415356,52.65746657765134,52.368307429270345,-0.28915914838099765,-0.5674353931781049,-0.8051917164613072,-1.1993062603148181,0.41379310344827586
1,smape,test_mean_abs_change_pct,full_data,cer_scratch_full,cer_scratch_limited,4,232,137.51540675880167,55.66773798208284,54.913395791112244,-0.7543421909705946,-0.6636214510681491,-1.4330169290901462,-1.1720347256777668,0.43103448275862066
1,smape,test_mean_abs_change_pct,direct_vs_full,direct_transfer,cer_scratch_full,1,233,6.5005249337291255,56.26017357071603,52.00145200139179,-4.258721569324232,-4.44884593795345,-8.166404600374497,-8.3130213322769,0.07725321888412018
1,smape,test_mean_abs_change_pct,direct_vs_full,direct_transfer,cer_scratch_full,2,232,19.598732108118142,54.90750664540996,51.85265152750905,-3.0548551179008996,-2.630393025351875,-5.763599167100175,-5.1265080997375545,0.15948275862068967
1,smape,test_mean_abs_change_pct,direct_vs_full,direct_transfer,cer_scratch_full,3,232,39.58503196415356,54.87686217837754,52.65746657765134,-2.219395600726205,-1.4542165998916836,-3.621048185618449,-2.6145021456690327,0.30603448275862066
1,smape,test_mean_abs_change_pct,direct_vs_full,direct_transfer,cer_scratch_full,4,232,137.51540675880167,54.38716273680402,55.66773798208284,1.2805752452788175,1.6868441528328795,2.8829789433352313,3.552713431790874,0.728448275862069
1,smape,test_mean_abs_change_pct,fine_tuning_vs_limited,fine_tuning,cer_scratch_limited,1,233,6.5005249337291255,59.22099257491085,51.84953070685521,-7.371461868055646,-7.887551907606685,-14.508351662912816,-15.80736465282267,0.06866952789699571
1,smape,test_mean_abs_change_pct,fine_tuning_vs_limited,fine_tuning,cer_scratch_limited,2,232,19.598732108118142,57.56918877690924,51.08694544679545,-6.482243330113801,-6.367241595635036,-12.558079909202675,-12.696145317940044,0.06896551724137931
1,smape,test_mean_abs_change_pct,fine_tuning_vs_limited,fine_tuning,cer_scratch_limited,3,232,39.58503196415356,57.336153050332776,52.368307429270345,-4.967845621062434,-4.737377819872464,-9.015969477456597,-9.517958120171652,0.14224137931034483
1,smape,test_mean_abs_change_pct,fine_tuning_vs_limited,fine_tuning,cer_scratch_limited,4,232,137.51540675880167,56.52152016774668,54.913395791112244,-1.6081243766344373,-0.8279824105533855,-2.205266129826597,-1.6716066877085005,0.4353448275862069
1,smape,test_mean_abs_change_pct,full_vs_fine_tuning,cer_scratch_full,fine_tuning,1,233,6.5005249337291255,52.00145200139179,59.22099257491085,7.219540573519057,7.404053169255718,11.917908822575805,12.392794149864162,0.9613733905579399
1,smape,test_mean_abs_change_pct,full_vs_fine_tuning,cer_scratch_full,fine_tuning,2,232,19.598732108118142,51.85265152750905,57.56918877690924,5.716537249400192,5.296628864526223,9.349858236135688,9.156602427564966,0.9310344827586207
1,smape,test_mean_abs_change_pct,full_vs_fine_tuning,cer_scratch_full,fine_tuning,3,232,39.58503196415356,52.65746657765134,57.336153050332776,4.678686472681436,3.7183495295195534,7.215781223994133,6.836138147793948,0.9051724137931034
1,smape,test_mean_abs_change_pct,full_vs_fine_tuning,cer_scratch_full,fine_tuning,4,232,137.51540675880167,55.66773798208284,56.52152016774668,0.8537821856638427,0.14558241868526167,-0.007665393703762291,0.24082506133399603,0.5172413793103449
1,smape,test_low_share_abs_change_pp,source_transfer,direct_transfer,cer_scratch_limited,1,233,0.3774889644805708,44.28124986360757,42.21939711001726,-2.06185275359031,-2.3225958935969047,-4.152970445197975,-6.183766015664936,0.2875536480686695
1,smape,test_low_share_abs_change_pp,source_transfer,direct_transfer,cer_scratch_limited,2,232,3.1579828658870066,54.63382769475597,51.18310621286648,-3.4507214818894987,-3.513816110813199,-6.387643050552897,-7.049727550092433,0.2025862068965517
1,smape,test_low_share_abs_change_pp,source_transfer,direct_transfer,cer_scratch_limited,3,232,8.19414557490423,57.13679601096497,54.16966280723069,-2.9671332037342912,-3.2919844077377114,-5.356079832418612,-6.411578918794403,0.24568965517241378
1,smape,test_low_share_abs_change_pp,source_transfer,direct_transfer,cer_scratch_limited,4,232,24.74905530954693,64.43146485382002,62.687522440456924,-1.743942413363097,-1.1573531320081756,-2.4294831919632616,-2.0997064959637135,0.40948275862068967
1,smape,test_low_share_abs_change_pp,fine_tuning,fine_tuning,direct_transfer,1,233,0.3774889644805708,46.399516542525845,44.28124986360757,-2.118266678918273,-2.0488521231803105,-4.7857584939133195,-4.814062477333844,0.0
1,smape,test_low_share_abs_change_pp,fine_tuning,fine_tuning,direct_transfer,2,232,3.1579828658870066,57.193685371456574,54.63382769475597,-2.5598576767006054,-2.5323613508243277,-4.712914094830703,-4.597411583368563,0.0
1,smape,test_low_share_abs_change_pp,fine_tuning,fine_tuning,direct_transfer,3,232,8.19414557490423,59.80076240759029,57.13679601096497,-2.6639663966253164,-2.615941055531323,-4.720589462063898,-4.6664124605543496,0.0
1,smape,test_low_share_abs_change_pp,fine_tuning,fine_tuning,direct_transfer,4,232,24.74905530954693,67.30915523122505,64.43146485382002,-2.877690377405042,-2.85355621594535,-4.828072331499801,-4.606699451200516,0.008620689655172414
1,smape,test_low_share_abs_change_pp,full_data,cer_scratch_full,cer_scratch_limited,1,233,0.3774889644805708,42.91269106750004,42.21939711001726,-0.6932939574827786,-0.6606992324323571,-1.2338240030751007,-1.9487527680996874,0.4034334763948498
1,smape,test_low_share_abs_change_pp,full_data,cer_scratch_full,cer_scratch_limited,2,232,3.1579828658870066,52.28746308404674,51.18310621286648,-1.1043568711802656,-1.175420901564923,-2.3578406784972032,-2.2669817309411098,0.33620689655172414
1,smape,test_low_share_abs_change_pp,full_data,cer_scratch_full,cer_scratch_limited,3,232,8.19414557490423,55.18079511912138,54.16966280723069,-1.011132311890696,-0.8705762034210558,-1.8145124979850191,-1.977821949712225,0.3793103448275862
1,smape,test_low_share_abs_change_pp,full_data,cer_scratch_full,cer_scratch_limited,4,232,24.74905530954693,61.83753451164744,62.687522440456924,0.8499879288094782,0.01762726676692239,0.8951825571062781,0.008946743700602802,0.5043103448275862
1,smape,test_low_share_abs_change_pp,direct_vs_full,direct_transfer,cer_scratch_full,1,233,0.3774889644805708,44.28124986360757,42.91269106750004,-1.3685587961075318,-1.1876440576887362,-3.0118604495909898,-2.703923790036613,0.33476394849785407
1,smape,test_low_share_abs_change_pp,direct_vs_full,direct_transfer,cer_scratch_full,2,232,3.1579828658870066,54.63382769475597,52.28746308404674,-2.3463646107092333,-2.214563664688022,-4.132709100544039,-4.0833053830307104,0.23275862068965517
1,smape,test_low_share_abs_change_pp,direct_vs_full,direct_transfer,cer_scratch_full,3,232,8.19414557490423,57.13679601096497,55.18079511912138,-1.9560008918435954,-1.902351312335682,-3.8640783605834192,-3.4031164081529077,0.3232758620689655
1,smape,test_low_share_abs_change_pp,direct_vs_full,direct_transfer,cer_scratch_full,4,232,24.74905530954693,64.43146485382002,61.83753451164744,-2.593930342172575,-1.9125699197844632,-3.6816429617583375,-3.0334818792295657,0.3793103448275862
1,smape,test_low_share_abs_change_pp,fine_tuning_vs_limited,fine_tuning,cer_scratch_limited,1,233,0.3774889644805708,46.399516542525845,42.21939711001726,-4.180119432508583,-4.335294766604719,-9.176975790906042,-10.559671187718514,0.18454935622317598
1,smape,test_low_share_abs_change_pp,fine_tuning_vs_limited,fine_tuning,cer_scratch_limited,2,232,3.1579828658870066,57.193685371456574,51.18310621286648,-6.010579158590105,-6.035737652507763,-11.411186402427425,-11.998138118638558,0.09913793103448276
1,smape,test_low_share_abs_change_pp,fine_tuning_vs_limited,fine_tuning,cer_scratch_limited,3,232,8.19414557490423,59.80076240759029,54.16966280723069,-5.631099600359607,-5.71645563785707,-10.34892245093164,-11.08714760911186,0.15086206896551724
1,smape,test_low_share_abs_change_pp,fine_tuning_vs_limited,fine_tuning,cer_scratch_limited,4,232,24.74905530954693,67.30915523122505,62.687522440456924,-4.621632790768139,-3.9299865006603376,-7.373562603547396,-7.035083470314056,0.2801724137931034
1,smape,test_low_share_abs_change_pp,full_vs_fine_tuning,cer_scratch_full,fine_tuning,1,233,0.3774889644805708,42.91269106750004,46.399516542525845,3.486825475025804,3.167508599418582,6.74777904297311,7.140125630129403,0.8283261802575107
1,smape,test_low_share_abs_change_pp,full_vs_fine_tuning,cer_scratch_full,fine_tuning,2,232,3.1579828658870066,52.28746308404674,57.193685371456574,4.906222287409839,4.749037525885168,7.845088694997085,8.235440884742996,0.8922413793103449
1,smape,test_low_share_abs_change_pp,full_vs_fine_tuning,cer_scratch_full,fine_tuning,3,232,8.19414557490423,55.18079511912138,59.80076240759029,4.619967288468911,4.295510150004098,7.209172882438436,7.3905044274800495,0.8232758620689655
1,smape,test_low_share_abs_change_pp,full_vs_fine_tuning,cer_scratch_full,fine_tuning,4,232,24.74905530954693,61.83753451164744,67.30915523122505,5.471620719577618,4.688438339134105,6.696127310746694,7.567882359370787,0.771551724137931
1,smape,test_high_share_abs_change_pp,source_transfer,direct_transfer,cer_scratch_limited,1,233,0.5815469077633973,59.14117383041741,56.939465389218,-2.201708441199401,-2.537482359883086,-3.996083721963436,-5.112770435104901,0.31759656652360513
1,smape,test_high_share_abs_change_pp,source_transfer,direct_transfer,cer_scratch_limited,2,232,2.591100036982731,58.36456419768277,55.301301329431396,-3.063262868251373,-3.114552369223688,-5.645915821296941,-6.389296660631285,0.2543103448275862
1,smape,test_high_share_abs_change_pp,source_transfer,direct_transfer,cer_scratch_limited,3,232,6.365238057898254,54.53025879757103,51.0354625579749,-3.4947962395961305,-3.6451899081442463,-6.583009131889852,-7.505876134119545,0.21551724137931033
1,smape,test_high_share_abs_change_pp,source_transfer,direct_transfer,cer_scratch_limited,4,232,16.735212579699752,48.38329020106866,46.92001072377806,-1.463279477290599,-1.047606448794685,-2.101844080858526,-2.5581945767407683,0.3577586206896552
1,smape,test_high_share_abs_change_pp,fine_tuning,fine_tuning,direct_transfer,1,233,0.5815469077633973,62.015605617001555,59.14117383041741,-2.874431786584148,-2.9285838260048465,-5.152833454101097,-5.186376450896922,0.008583690987124463
1,smape,test_high_share_abs_change_pp,fine_tuning,fine_tuning,direct_transfer,2,232,2.591100036982731,61.245123727954656,58.36456419768277,-2.880559530271893,-2.7683893688564645,-5.168215968672637,-5.073090889827025,0.0
1,smape,test_high_share_abs_change_pp,fine_tuning,fine_tuning,direct_transfer,3,232,6.365238057898254,57.04240332993565,54.53025879757103,-2.512144532364617,-2.4030650124323962,-4.676275201871316,-4.518393337092986,0.0
1,smape,test_high_share_abs_change_pp,fine_tuning,fine_tuning,direct_transfer,4,232,16.735212579699752,50.33267614913661,48.38329020106866,-1.9493859480679487,-1.7901292782678269,-4.04842753800669,-3.9818738167191063,0.0
1,smape,test_high_share_abs_change_pp,full_data,cer_scratch_full,cer_scratch_limited,1,233,0.5815469077633973,56.33218092097094,56.939465389218,0.6072844682470598,0.5058824486665614,0.818351843711207,0.9847761553988217,0.5622317596566524
1,smape,test_high_share_abs_change_pp,full_data,cer_scratch_full,cer_scratch_limited,2,232,2.591100036982731,55.17487315031362,55.301301329431396,0.12642817911776588,-0.746262150016797,-0.16227814316012648,-1.642722722575825,0.3922413793103448
1,smape,test_high_share_abs_change_pp,full_data,cer_scratch_full,cer_scratch_limited,3,232,6.365238057898254,52.46319940878469,51.0354625579749,-1.4277368508097856,-1.6996074218064798,-2.760210239848692,-3.6243358228436797,0.28879310344827586
1,smape,test_high_share_abs_change_pp,full_data,cer_scratch_full,cer_scratch_limited,4,232,16.735212579699752,48.19038767356758,46.92001072377806,-1.270376949789517,-0.9805540745714545,-2.4157036686999276,-2.252832295756612,0.3793103448275862
1,smape,test_high_share_abs_change_pp,direct_vs_full,direct_transfer,cer_scratch_full,1,233,0.5815469077633973,59.14117383041741,56.33218092097094,-2.8089929094464603,-3.091800143081066,-5.077701937977731,-6.308179315316026,0.2145922746781116
1,smape,test_high_share_abs_change_pp,direct_vs_full,direct_transfer,cer_scratch_full,2,232,2.591100036982731,58.36456419768277,55.17487315031362,-3.189691047369138,-2.995770892905071,-5.705596816838111,-5.626936390206351,0.2025862068965517
1,smape,test_high_share_abs_change_pp,direct_vs_full,direct_transfer,cer_scratch_full,3,232,6.365238057898254,54.53025879757103,52.46319940878469,-2.0670593887863444,-1.7643998914173125,-3.90823277856805,-3.357502271692798,0.2801724137931034
1,smape,test_high_share_abs_change_pp,direct_vs_full,direct_transfer,cer_scratch_full,4,232,16.735212579699752,48.38329020106866,48.19038767356758,-0.19290252750108214,0.4486061717469205,0.01014515008118646,1.0494734297597743,0.5732758620689655
1,smape,test_high_share_abs_change_pp,fine_tuning_vs_limited,fine_tuning,cer_scratch_limited,1,233,0.5815469077633973,62.015605617001555,56.939465389218,-5.076140227783549,-5.539052622200707,-9.35321013165141,-10.696884283383092,0.19313304721030042
1,smape,test_high_share_abs_change_pp,fine_tuning_vs_limited,fine_tuning,cer_scratch_limited,2,232,2.591100036982731,61.245123727954656,55.301301329431396,-5.943822398523266,-6.010256543130517,-11.105367532024584,-12.07144549153282,0.1336206896551724
1,smape,test_high_share_abs_change_pp,fine_tuning_vs_limited,fine_tuning,cer_scratch_limited,3,232,6.365238057898254,57.04240332993565,51.0354625579749,-6.006940771960748,-6.087225649687124,-11.600273409853344,-12.118319919164835,0.1206896551724138
1,smape,test_high_share_abs_change_pp,fine_tuning_vs_limited,fine_tuning,cer_scratch_limited,4,232,16.735212579699752,50.33267614913661,46.92001072377806,-3.412665425358548,-3.0137290340684437,-6.251036543504093,-6.804715184826298,0.2672413793103448
1,smape,test_high_share_abs_change_pp,full_vs_fine_tuning,cer_scratch_full,fine_tuning,1,233,0.5815469077633973,56.33218092097094,62.015605617001555,5.68342469603061,6.079373107910357,8.771154684584257,10.487534190076158,0.8755364806866953
1,smape,test_high_share_abs_change_pp,full_vs_fine_tuning,cer_scratch_full,fine_tuning,2,232,2.591100036982731,55.17487315031362,61.245123727954656,6.070250577641032,5.803894352469857,9.413033880041812,9.96924925315745,0.9051724137931034
1,smape,test_high_share_abs_change_pp,full_vs_fine_tuning,cer_scratch_full,fine_tuning,3,232,6.365238057898254,52.46319940878469,57.04240332993565,4.579203921150962,4.200874782733411,7.33913170300219,7.6208625474893505,0.8706896551724138
1,smape,test_high_share_abs_change_pp,full_vs_fine_tuning,cer_scratch_full,fine_tuning,4,232,16.735212579699752,48.19038767356758,50.33267614913661,2.142288475569031,1.1620376611179548,2.966126216795982,2.726995054624256,0.6637931034482759
12,mae,test_z_clock_rmse,source_transfer,direct_transfer,cer_scratch_limited,1,233,0.4468995900958787,0.36877844129271103,0.38755713752528936,0.018778696232578447,0.010167282802944877,4.280975931548947,3.28281519040336,0.7553648068669528
12,mae,test_z_clock_rmse,source_transfer,direct_transfer,cer_scratch_limited,2,232,0.6005975405813245,0.32996311026472525,0.3441415915649261,0.014178481300200864,0.008831440797451712,4.121756639992853,3.3835768077237613,0.7586206896551724
12,mae,test_z_clock_rmse,source_transfer,direct_transfer,cer_scratch_limited,3,232,0.7448170201841541,0.3203125668540228,0.338409399632492,0.018096832778469185,0.011947895481673285,4.638284752363672,3.985366677891732,0.7758620689655172
12,mae,test_z_clock_rmse,source_transfer,direct_transfer,cer_scratch_limited,4,232,1.05513645174447,0.3035857464725734,0.3193020540378757,0.0157163075653023,0.006952347752529252,3.756048535201825,2.9885576326479857,0.6982758620689655
12,mae,test_z_clock_rmse,fine_tuning,fine_tuning,direct_transfer,1,233,0.4468995900958787,0.38425900470186775,0.36877844129271103,-0.01548056340915683,-0.01420099001619235,-4.403064339021879,-4.1991031366936005,0.004291845493562232
12,mae,test_z_clock_rmse,fine_tuning,fine_tuning,direct_transfer,2,232,0.6005975405813245,0.34458624535003624,0.32996311026472525,-0.014623135085311009,-0.013462641665961173,-4.717314444658311,-4.309380724390772,0.01293103448275862
12,mae,test_z_clock_rmse,fine_tuning,fine_tuning,direct_transfer,3,232,0.7448170201841541,0.33327651401644015,0.3203125668540228,-0.012963947162417314,-0.011535616824174103,-4.584932797021191,-4.006840395740798,0.01293103448275862
12,mae,test_z_clock_rmse,fine_tuning,fine_tuning,direct_transfer,4,232,1.05513645174447,0.3181130826922336,0.3035857464725734,-0.014527336219660162,-0.012313241514738449,-6.147188264129922,-4.262456195539414,0.01293103448275862
12,mae,test_z_clock_rmse,full_data,cer_scratch_full,cer_scratch_limited,1,233,0.4468995900958787,0.3685565671970353,0.38755713752528936,0.019000570328254092,0.011668163310440627,3.887150832909422,3.5923420449351364,0.703862660944206
12,mae,test_z_clock_rmse,full_data,cer_scratch_full,cer_scratch_limited,2,232,0.6005975405813245,0.33093237798616915,0.3441415915649261,0.013209213578756896,0.009737189380403355,3.8997447748218534,3.431530020283776,0.6896551724137931
12,mae,test_z_clock_rmse,full_data,cer_scratch_full,cer_scratch_limited,3,232,0.7448170201841541,0.32295847110453846,0.338409399632492,0.015450928527953512,0.0104026656571303,3.5551727300856792,3.7102476861213924,0.7241379310344828
12,mae,test_z_clock_rmse,full_data,cer_scratch_full,cer_scratch_limited,4,232,1.05513645174447,0.2963035003292724,0.3193020540378757,0.022998553708603386,0.011407712578647589,4.158928168356278,4.354000667224351,0.7025862068965517
12,mae,test_z_clock_rmse,direct_vs_full,direct_transfer,cer_scratch_full,1,233,0.4468995900958787,0.36877844129271103,0.3685565671970353,-0.00022187409567564655,0.0010244079632730774,0.18624181534853293,0.3457997580052412,0.5364806866952789
12,mae,test_z_clock_rmse,direct_vs_full,direct_transfer,cer_scratch_full,2,232,0.6005975405813245,0.32996311026472525,0.33093237798616915,0.0009692677214439689,0.0009418452827758481,-0.2523509459283191,0.3780169407331374,0.5344827586206896
12,mae,test_z_clock_rmse,direct_vs_full,direct_transfer,cer_scratch_full,3,232,0.7448170201841541,0.3203125668540228,0.32295847110453846,0.002645904250515672,0.0018036232583941436,0.7589937463203398,0.6391843106590387,0.5732758620689655
12,mae,test_z_clock_rmse,direct_vs_full,direct_transfer,cer_scratch_full,4,232,1.05513645174447,0.3035857464725734,0.2963035003292724,-0.0072822461433010854,-0.0012927067586050167,-2.9619093206610745,-0.4223843144104936,0.46551724137931033
12,mae,test_z_clock_rmse,fine_tuning_vs_limited,fine_tuning,cer_scratch_limited,1,233,0.4468995900958787,0.38425900470186775,0.38755713752528936,0.003298132823421617,-0.003312352181963407,-0.007929685499035749,-0.9657037746990996,0.45064377682403434
12,mae,test_z_clock_rmse,fine_tuning_vs_limited,fine_tuning,cer_scratch_limited,2,232,0.6005975405813245,0.34458624535003624,0.3441415915649261,-0.00044465378511014545,-0.0017626171341297292,-0.4849033605572802,-0.6071590477508173,0.45689655172413796
12,mae,test_z_clock_rmse,fine_tuning_vs_limited,fine_tuning,cer_scratch_limited,3,232,0.7448170201841541,0.33327651401644015,0.338409399632492,0.005132885616051872,0.0009478353921287541,0.17755531509474004,0.3717168114053383,0.521551724137931
12,mae,test_z_clock_rmse,fine_tuning_vs_limited,fine_tuning,cer_scratch_limited,4,232,1.05513645174447,0.3181130826922336,0.3193020540378757,0.0011889713456421415,-0.0036119856505517633,-2.4448743998571225,-1.6483283041612866,0.43103448275862066
12,mae,test_z_clock_rmse,full_vs_fine_tuning,cer_scratch_full,fine_tuning,1,233,0.4468995900958787,0.3685565671970353,0.38425900470186775,0.015702437504832478,0.01131818951444169,3.715717156229137,3.192581415318429,0.8111587982832618
12,mae,test_z_clock_rmse,full_vs_fine_tuning,cer_scratch_full,fine_tuning,2,232,0.6005975405813245,0.33093237798616915,0.34458624535003624,0.01365386736386704,0.010472619798205421,4.017382496858362,2.914290640710992,0.7887931034482759
12,mae,test_z_clock_rmse,full_vs_fine_tuning,cer_scratch_full,fine_tuning,3,232,0.7448170201841541,0.32295847110453846,0.33327651401644015,0.01031804291190164,0.007587553095356803,3.109876916419006,2.5590409455468084,0.6939655172413793
12,mae,test_z_clock_rmse,full_vs_fine_tuning,cer_scratch_full,fine_tuning,4,232,1.05513645174447,0.2963035003292724,0.3181130826922336,0.021809582362961245,0.013608214615093747,6.146229496705416,4.8582275781040085,0.7155172413793104
12,mae,test_mean_abs_change_pct,source_transfer,direct_transfer,cer_scratch_limited,1,233,6.5005249337291255,0.30934187639814587,0.3125774438451823,0.003235567447036484,0.0013579508190181,1.049102912667565,0.49284273466429823,0.5622317596566524
12,mae,test_mean_abs_change_pct,source_transfer,direct_transfer,cer_scratch_limited,2,232,19.598732108118142,0.31788411070794376,0.32693922501320927,0.009055114305265422,0.005944368695285765,2.732916821566848,2.3110803864296905,0.6810344827586207
12,mae,test_mean_abs_change_pct,source_transfer,direct_transfer,cer_scratch_limited,3,232,39.58503196415356,0.32729807128893396,0.34535408707082554,0.01805601578189159,0.014312140740819601,5.0095089759723415,4.96463760431171,0.8362068965517241
12,mae,test_mean_abs_change_pct,source_transfer,direct_transfer,cer_scratch_limited,4,232,137.51540675880167,0.3683719985790716,0.40486261516619415,0.03649061658712256,0.027027454925162148,8.019467636050894,8.505843067676704,0.9094827586206896
12,mae,test_mean_abs_change_pct,fine_tuning,fine_tuning,direct_transfer,1,233,6.5005249337291255,0.32809239548103425,0.30934187639814587,-0.018750519082888426,-0.018997591796008406,-6.408743554788086,-6.112902695375612,0.0
12,mae,test_mean_abs_change_pct,fine_tuning,fine_tuning,direct_transfer,2,232,19.598732108118142,0.33409886149072066,0.31788411070794376,-0.016214750782776764,-0.014732387156447896,-5.362950832373428,-4.535242765836465,0.004310344827586207
12,mae,test_mean_abs_change_pct,fine_tuning,fine_tuning,direct_transfer,3,232,39.58503196415356,0.34087794435320995,0.32729807128893396,-0.013579873064276016,-0.011930960070478294,-4.546712681958969,-3.6884029159611766,0.004310344827586207
12,mae,test_mean_abs_change_pct,fine_tuning,fine_tuning,direct_transfer,4,232,137.51540675880167,0.37740774288915097,0.3683719985790716,-0.009035744310079395,-0.007204035947329351,-3.525447606677347,-2.1460164548521057,0.034482758620689655
12,mae,test_mean_abs_change_pct,full_data,cer_scratch_full,cer_scratch_limited,1,233,6.5005249337291255,0.304962549596178,0.3125774438451823,0.007614894249004202,0.00729454651413311,2.16724253266259,2.27809006814313,0.6866952789699571
12,mae,test_mean_abs_change_pct,full_data,cer_scratch_full,cer_scratch_limited,2,232,19.598732108118142,0.3176777795327106,0.32693922501320927,0.009261445480498638,0.005011102284916191,2.261512812056546,1.7838979507072716,0.6293103448275862
12,mae,test_mean_abs_change_pct,full_data,cer_scratch_full,cer_scratch_limited,3,232,39.58503196415356,0.3288395413201671,0.34535408707082554,0.016514545750658437,0.0118966382959029,4.259414423086889,3.997101609293386,0.7198275862068966
12,mae,test_mean_abs_change_pct,full_data,cer_scratch_full,cer_scratch_limited,4,232,137.51540675880167,0.3675451583127908,0.40486261516619415,0.037317456853403375,0.026722340374663034,6.820240136213101,8.378026445766142,0.7844827586206896
12,mae,test_mean_abs_change_pct,direct_vs_full,direct_transfer,cer_scratch_full,1,233,6.5005249337291255,0.30934187639814587,0.304962549596178,-0.004379326801967718,-0.005002199298129312,-1.4871998099848003,-1.7858066244839947,0.34763948497854075
12,mae,test_mean_abs_change_pct,direct_vs_full,direct_transfer,cer_scratch_full,2,232,19.598732108118142,0.31788411070794376,0.3176777795327106,-0.00020633117523321487,0.001428809637014472,0.07459956660728222,0.5997460479785103,0.5689655172413793
12,mae,test_mean_abs_change_pct,direct_vs_full,direct_transfer,cer_scratch_full,3,232,39.58503196415356,0.32729807128893396,0.3288395413201671,0.0015414700312331535,0.0031102811400363084,0.3753584428468828,1.1987719004603308,0.5991379310344828
12,mae,test_mean_abs_change_pct,direct_vs_full,direct_transfer,cer_scratch_full,4,232,137.51540675880167,0.3683719985790716,0.3675451583127908,-0.0008268402662808118,0.003617794141096614,-1.2245697939358633,1.0391704960717845,0.5948275862068966
12,mae,test_mean_abs_change_pct,fine_tuning_vs_limited,fine_tuning,cer_scratch_limited,1,233,6.5005249337291255,0.32809239548103425,0.3125774438451823,-0.015514951635851943,-0.01549294254505118,-5.3203544095658035,-5.355114843270345,0.15021459227467812
12,mae,test_mean_abs_change_pct,fine_tuning_vs_limited,fine_tuning,cer_scratch_limited,2,232,19.598732108118142,0.33409886149072066,0.32693922501320927,-0.007159636477511344,-0.007112474022472566,-2.5383643052772853,-2.3451619099725374,0.31896551724137934
12,mae,test_mean_abs_change_pct,fine_tuning_vs_limited,fine_tuning,cer_scratch_limited,3,232,39.58503196415356,0.34087794435320995,0.34535408707082554,0.0044761427176155735,0.00352940544166111,0.6167857845881564,1.5293345333712032,0.5732758620689655
12,mae,test_mean_abs_change_pct,fine_tuning_vs_limited,fine_tuning,cer_scratch_limited,4,232,137.51540675880167,0.37740774288915097,0.40486261516619415,0.027454872277043168,0.02005224295047378,4.504679181867556,6.479095055397341,0.8189655172413793
12,mae,test_mean_abs_change_pct,full_vs_fine_tuning,cer_scratch_full,fine_tuning,1,233,6.5005249337291255,0.304962549596178,0.32809239548103425,0.023129845884856146,0.021517848574697795,6.9442617553262345,7.461000313183202,0.8583690987124464
12,mae,test_mean_abs_change_pct,full_vs_fine_tuning,cer_scratch_full,fine_tuning,2,232,19.598732108118142,0.3176777795327106,0.33409886149072066,0.01642108195800998,0.010667144177226168,4.476893299501274,3.662052971290951,0.8017241379310345
12,mae,test_mean_abs_change_pct,full_vs_fine_tuning,cer_scratch_full,fine_tuning,3,232,39.58503196415356,0.3288395413201671,0.34087794435320995,0.012038403033042863,0.007153472237517194,3.3849335022124962,2.4073003681811445,0.7456896551724138
12,mae,test_mean_abs_change_pct,full_vs_fine_tuning,cer_scratch_full,fine_tuning,4,232,137.51540675880167,0.3675451583127908,0.37740774288915097,0.009862584576360207,0.0034218064888318495,2.1692013686585656,1.0665906565769325,0.603448275862069
12,mae,test_low_share_abs_change_pp,source_transfer,direct_transfer,cer_scratch_limited,1,233,0.3774889644805708,0.3950037586880035,0.4206363372151133,0.025632578527109744,0.0166532108987833,5.463647917185377,4.850039486212644,0.8154506437768241
12,mae,test_low_share_abs_change_pp,source_transfer,direct_transfer,cer_scratch_limited,2,232,3.1579828658870066,0.3280793034085375,0.3418108483445656,0.01373154493602801,0.008905018705846056,3.668108230110639,3.164008525342329,0.7456896551724138
12,mae,test_low_share_abs_change_pp,source_transfer,direct_transfer,cer_scratch_limited,3,232,8.19414557490423,0.3099992327699018,0.3242776456309875,0.014278412861085688,0.00700739671056845,3.8663516738144246,2.599350244938938,0.728448275862069
12,mae,test_low_share_abs_change_pp,source_transfer,direct_transfer,cer_scratch_limited,4,232,24.74905530954693,0.28944452985640284,0.30254276881263303,0.013098238956230236,0.006574807893988857,3.7938603139208387,3.020081421712039,0.6982758620689655
12,mae,test_low_share_abs_change_pp,fine_tuning,fine_tuning,direct_transfer,1,233,0.3774889644805708,0.41004733882625455,0.3950037586880035,-0.015043580138250967,-0.01341975994535799,-4.111689694423766,-3.648031370018101,0.012875536480686695
12,mae,test_low_share_abs_change_pp,fine_tuning,fine_tuning,direct_transfer,2,232,3.1579828658870066,0.3428001551829824,0.3280793034085375,-0.014720851774444859,-0.013351523096352,-4.924715075303266,-4.309785546578377,0.004310344827586207
12,mae,test_low_share_abs_change_pp,fine_tuning,fine_tuning,direct_transfer,3,232,8.19414557490423,0.3239431939700753,0.3099992327699018,-0.013943961200173471,-0.01273145863932676,-4.87975490306461,-4.307426371912573,0.008620689655172414
12,mae,test_low_share_abs_change_pp,fine_tuning,fine_tuning,direct_transfer,4,232,24.74905530954693,0.3033330021686603,0.28944452985640284,-0.013888472312257509,-0.011340021025165653,-5.937596097231894,-4.311783090109624,0.017241379310344827
12,mae,test_low_share_abs_change_pp,full_data,cer_scratch_full,cer_scratch_limited,1,233,0.3774889644805708,0.39403485154405404,0.4206363372151133,0.026601485671059282,0.017699575476511298,5.157753079305967,5.1825225854043175,0.7553648068669528
12,mae,test_low_share_abs_change_pp,full_data,cer_scratch_full,cer_scratch_limited,2,232,3.1579828658870066,0.329032673762638,0.3418108483445656,0.012778174581927502,0.009653807317250046,2.766127870726256,3.075908112229049,0.7112068965517241
12,mae,test_low_share_abs_change_pp,full_data,cer_scratch_full,cer_scratch_limited,3,232,8.19414557490423,0.3110340913882721,0.3242776456309875,0.013243554242715502,0.008105041981336408,3.1726341631647057,3.1280157275375737,0.6681034482758621
12,mae,test_low_share_abs_change_pp,full_data,cer_scratch_full,cer_scratch_limited,4,232,24.74905530954693,0.2845394797309002,0.30254276881263303,0.018003289081732824,0.009845527025060849,4.39900465915563,3.590223973630942,0.6853448275862069
12,mae,test_low_share_abs_change_pp,direct_vs_full,direct_transfer,cer_scratch_full,1,233,0.3774889644805708,0.3950037586880035,0.39403485154405404,-0.000968907143949535,0.0011995518005913919,0.04904190085297254,0.2567579682779978,0.5278969957081545
12,mae,test_low_share_abs_change_pp,direct_vs_full,direct_transfer,cer_scratch_full,2,232,3.1579828658870066,0.3280793034085375,0.329032673762638,0.0009533703541005037,0.00024142875237964656,0.5499509355926973,0.08806942010834573,0.5258620689655172
12,mae,test_low_share_abs_change_pp,direct_vs_full,direct_transfer,cer_scratch_full,3,232,8.19414557490423,0.3099992327699018,0.3110340913882721,0.0010348586183701876,0.0011468770768312472,0.20164002124218217,0.45825476265501897,0.5474137931034483
12,mae,test_low_share_abs_change_pp,direct_vs_full,direct_transfer,cer_scratch_full,4,232,24.74905530954693,0.28944452985640284,0.2845394797309002,-0.004905050125502585,0.00041830724124315016,-3.069066183666582,0.2436442286434114,0.5086206896551724
12,mae,test_low_share_abs_change_pp,fine_tuning_vs_limited,fine_tuning,cer_scratch_limited,1,233,0.3774889644805708,0.41004733882625455,0.4206363372151133,0.01058899838885878,0.004331778258346408,1.503622030785857,1.575228744014506,0.5536480686695279
12,mae,test_low_share_abs_change_pp,fine_tuning_vs_limited,fine_tuning,cer_scratch_limited,2,232,3.1579828658870066,0.3428001551829824,0.3418108483445656,-0.000989306838416851,-0.004009178071437788,-1.1531101379600692,-1.35829406764495,0.41379310344827586
12,mae,test_low_share_abs_change_pp,fine_tuning_vs_limited,fine_tuning,cer_scratch_limited,3,232,8.19414557490423,0.3239431939700753,0.3242776456309875,0.0003344516609122203,-0.0037768801911720953,-0.9050459853274788,-1.7469368060359525,0.4224137931034483
12,mae,test_low_share_abs_change_pp,fine_tuning_vs_limited,fine_tuning,cer_scratch_limited,4,232,24.74905530954693,0.3033330021686603,0.30254276881263303,-0.0007902333560272727,-0.0013852949472362985,-2.2121333474389253,-0.6131621550864657,0.4698275862068966
12,mae,test_low_share_abs_change_pp,full_vs_fine_tuning,cer_scratch_full,fine_tuning,1,233,0.3774889644805708,0.39403485154405404,0.41004733882625455,0.016012487282200505,0.013070155987330745,3.526247080409608,3.065239860165411,0.759656652360515
12,mae,test_low_share_abs_change_pp,full_vs_fine_tuning,cer_scratch_full,fine_tuning,2,232,3.1579828658870066,0.329032673762638,0.3428001551829824,0.013767481420344355,0.009956895038159011,3.6997386724010877,3.234562111784271,0.7586206896551724
12,mae,test_low_share_abs_change_pp,full_vs_fine_tuning,cer_scratch_full,fine_tuning,3,232,8.19414557490423,0.3110340913882721,0.3239431939700753,0.01290910258180328,0.009993244725130447,3.7205605600899845,3.133693818224613,0.75
12,mae,test_low_share_abs_change_pp,full_vs_fine_tuning,cer_scratch_full,fine_tuning,4,232,24.74905530954693,0.2845394797309002,0.3033330021686603,0.018793522437760092,0.0105664011101817,6.04347643467253,3.9594050905599305,0.7413793103448276
12,mae,test_high_share_abs_change_pp,source_transfer,direct_transfer,cer_scratch_limited,1,233,0.5815469077633973,0.22127422734927482,0.22504418167804185,0.003769954328767038,0.0021157086809800996,2.413317578890072,1.3037067358929741,0.6223175965665236
12,mae,test_high_share_abs_change_pp,source_transfer,direct_transfer,cer_scratch_limited,2,232,2.591100036982731,0.2804015772361866,0.28600658773009513,0.005605010493908631,0.003946313147803859,2.2690391217574066,1.6619484860498828,0.6422413793103449
12,mae,test_high_share_abs_change_pp,source_transfer,direct_transfer,cer_scratch_limited,3,232,6.365238057898254,0.35122197315542336,0.36329489806045107,0.012072924905027729,0.010791107828805768,3.58489273915728,2.8960173181537057,0.7931034482758621
12,mae,test_high_share_abs_change_pp,source_transfer,direct_transfer,cer_scratch_limited,4,232,16.735212579699752,0.47037788116876594,0.515765002170647,0.045387121001881074,0.04047025748383076,8.537866670822622,8.812795935403487,0.9310344827586207
12,mae,test_high_share_abs_change_pp,fine_tuning,fine_tuning,direct_transfer,1,233,0.5815469077633973,0.23505730309413622,0.22127422734927482,-0.013783075744861447,-0.01291426541590071,-6.30596525299442,-6.04109938605473,0.012875536480686695
12,mae,test_high_share_abs_change_pp,fine_tuning,fine_tuning,direct_transfer,2,232,2.591100036982731,0.29657226319994395,0.2804015772361866,-0.01617068596375732,-0.015540420458928561,-6.088909102434671,-5.206758813680174,0.004310344827586207
12,mae,test_high_share_abs_change_pp,fine_tuning,fine_tuning,direct_transfer,3,232,6.365238057898254,0.3664845573472397,0.35122197315542336,-0.015262584191816442,-0.013056490286709188,-4.578701591779714,-3.698970865736393,0.008620689655172414
12,mae,test_high_share_abs_change_pp,fine_tuning,fine_tuning,direct_transfer,4,232,16.735212579699752,0.48276383390204974,0.47037788116876594,-0.012385952733283787,-0.010523185130265206,-2.8707217385105492,-2.273262840668253,0.017241379310344827
12,mae,test_high_share_abs_change_pp,full_data,cer_scratch_full,cer_scratch_limited,1,233,0.5815469077633973,0.22020225653756503,0.22504418167804185,0.004841925140476843,0.003831776413582566,1.5680323465057495,1.9016450228903912,0.6137339055793991
12,mae,test_high_share_abs_change_pp,full_data,cer_scratch_full,cer_scratch_limited,2,232,2.591100036982731,0.2802205224078944,0.28600658773009513,0.005786065322200792,0.005591955596582848,1.521560219283107,2.003476951134426,0.6379310344827587
12,mae,test_high_share_abs_change_pp,full_data,cer_scratch_full,cer_scratch_limited,3,232,6.365238057898254,0.3531105784748795,0.36329489806045107,0.010184319585571608,0.010172567174967062,3.119768439820334,2.6008662144152974,0.6637931034482759
12,mae,test_high_share_abs_change_pp,full_data,cer_scratch_full,cer_scratch_limited,4,232,16.735212579699752,0.4658570174322776,0.515765002170647,0.04990798473836942,0.0401476488913714,9.301631700936472,9.118469401779633,0.9051724137931034
12,mae,test_high_share_abs_change_pp,direct_vs_full,direct_transfer,cer_scratch_full,1,233,0.5815469077633973,0.22127422734927482,0.22020225653756503,-0.001071970811709805,-0.0008373048435709185,-0.4405291303602419,-0.28345518910140627,0.48497854077253216
12,mae,test_high_share_abs_change_pp,direct_vs_full,direct_transfer,cer_scratch_full,2,232,2.591100036982731,0.2804015772361866,0.2802205224078944,-0.00018105482829216133,0.0007010393662084252,-0.19030399761863065,0.3061870163301265,0.5172413793103449
12,mae,test_high_share_abs_change_pp,direct_vs_full,direct_transfer,cer_scratch_full,3,232,6.365238057898254,0.35122197315542336,0.3531105784748795,0.0018886053194561198,0.0037151671684107213,-0.09501873139646465,1.1987719004603308,0.5991379310344828
12,mae,test_high_share_abs_change_pp,direct_vs_full,direct_transfer,cer_scratch_full,4,232,16.735212579699752,0.47037788116876594,0.4658570174322776,-0.004520863736488339,0.0003259145710319822,-1.540471246641267,0.07439343008897174,0.5086206896551724
12,mae,test_high_share_abs_change_pp,fine_tuning_vs_limited,fine_tuning,cer_scratch_limited,1,233,0.5815469077633973,0.23505730309413622,0.22504418167804185,-0.01001312141609441,-0.008740737758630518,-3.8648783065662764,-4.227012018304664,0.26609442060085836
12,mae,test_high_share_abs_change_pp,fine_tuning_vs_limited,fine_tuning,cer_scratch_limited,2,232,2.591100036982731,0.29657226319994395,0.28600658773009513,-0.010565675469848691,-0.010029223734641851,-3.796859426988513,-3.305981815354918,0.27586206896551724
12,mae,test_high_share_abs_change_pp,fine_tuning_vs_limited,fine_tuning,cer_scratch_limited,3,232,6.365238057898254,0.3664845573472397,0.36329489806045107,-0.0031896592867887157,-0.002085062123712955,-0.9224044503326226,-0.4751905679078223,0.44396551724137934
12,mae,test_high_share_abs_change_pp,fine_tuning_vs_limited,fine_tuning,cer_scratch_limited,4,232,16.735212579699752,0.48276383390204974,0.515765002170647,0.03300116826859728,0.02921906324048079,5.840614831607796,6.498056377096742,0.875
12,mae,test_high_share_abs_change_pp,full_vs_fine_tuning,cer_scratch_full,fine_tuning,1,233,0.5815469077633973,0.22020225653756503,0.23505730309413622,0.014855046556571255,0.012322626333912678,5.279551626582174,5.861482574858308,0.7939914163090128
12,mae,test_high_share_abs_change_pp,full_vs_fine_tuning,cer_scratch_full,fine_tuning,2,232,2.591100036982731,0.2802205224078944,0.29657226319994395,0.01635174079204948,0.011248811068354098,4.815156957138667,4.198538515329895,0.7586206896551724
12,mae,test_high_share_abs_change_pp,full_vs_fine_tuning,cer_scratch_full,fine_tuning,3,232,6.365238057898254,0.3531105784748795,0.3664845573472397,0.013373978872360325,0.009048431725809658,3.5565783165287614,2.4665310766857687,0.7241379310344828
12,mae,test_high_share_abs_change_pp,full_vs_fine_tuning,cer_scratch_full,fine_tuning,4,232,16.735212579699752,0.4658570174322776,0.48276383390204974,0.01690681646977213,0.010315430428563505,3.33117850014183,2.26762756663045,0.7327586206896551
12,rmse,test_z_clock_rmse,source_transfer,direct_transfer,cer_scratch_limited,1,233,0.4468995900958787,0.5937872310879818,0.6331751627211969,0.039387931633215106,0.027668573439747046,5.8087563877479855,4.919585524028333,0.9914163090128756
12,rmse,test_z_clock_rmse,source_transfer,direct_transfer,cer_scratch_limited,2,232,0.6005975405813245,0.5401681531331644,0.5720620278517113,0.03189387471854703,0.022718552312261137,5.563030123130016,4.792873134728974,0.978448275862069
12,rmse,test_z_clock_rmse,source_transfer,direct_transfer,cer_scratch_limited,3,232,0.7448170201841541,0.5318492514716133,0.566468659337935,0.034619407866321936,0.025949933586015383,5.600304694667026,5.090452042467021,0.9698275862068966
12,rmse,test_z_clock_rmse,source_transfer,direct_transfer,cer_scratch_limited,4,232,1.05513645174447,0.5048402821506999,0.5359765532850345,0.031136271134334554,0.019132217195864054,5.376990027700327,4.052977015773895,0.9525862068965517
12,rmse,test_z_clock_rmse,fine_tuning,fine_tuning,direct_transfer,1,233,0.4468995900958787,0.5949787727991037,0.5937872310879818,-0.0011915417111219323,-0.0006015530398429947,-0.2623258916758144,-0.11216906294837542,0.4334763948497854
12,rmse,test_z_clock_rmse,fine_tuning,fine_tuning,direct_transfer,2,232,0.6005975405813245,0.5416340649631184,0.5401681531331644,-0.001465911829953966,-0.0008183333746548671,-0.42748106498757366,-0.16388631846330426,0.39655172413793105
12,rmse,test_z_clock_rmse,fine_tuning,fine_tuning,direct_transfer,3,232,0.7448170201841541,0.5328574150232088,0.5318492514716133,-0.0010081635515955493,-0.0007443840974439703,-0.30237681826571106,-0.1632334509826125,0.4051724137931034
12,rmse,test_z_clock_rmse,fine_tuning,fine_tuning,direct_transfer,4,232,1.05513645174447,0.5087733074982549,0.5048402821506999,-0.003933025347555078,-0.001882841490846221,-1.5017674922004696,-0.4872508633107021,0.3146551724137931
12,rmse,test_z_clock_rmse,full_data,cer_scratch_full,cer_scratch_limited,1,233,0.4468995900958787,0.5803298445406401,0.6331751627211969,0.05284531818055693,0.03723447027586746,7.647684840464799,6.678189728531122,0.9785407725321889
12,rmse,test_z_clock_rmse,full_data,cer_scratch_full,cer_scratch_limited,2,232,0.6005975405813245,0.5303151169159002,0.5720620278517113,0.041746910935811204,0.031051134098472488,7.217605021882152,6.062765691638604,0.9612068965517241
12,rmse,test_z_clock_rmse,full_data,cer_scratch_full,cer_scratch_limited,3,232,0.7448170201841541,0.5205665361898495,0.566468659337935,0.04590212314808566,0.03258420616188601,7.143481956240047,6.516262452918594,0.9482758620689655
12,rmse,test_z_clock_rmse,full_data,cer_scratch_full,cer_scratch_limited,4,232,1.05513645174447,0.47925276978927117,0.5359765532850345,0.056723783495763305,0.029086685078606678,7.706655186935389,6.0807048181249295,0.9439655172413793
12,rmse,test_z_clock_rmse,direct_vs_full,direct_transfer,cer_scratch_full,1,233,0.4468995900958787,0.5937872310879818,0.5803298445406401,-0.013457386547341833,-0.00846998305633695,-2.113767422310367,-1.4175482749276267,0.18025751072961374
12,rmse,test_z_clock_rmse,direct_vs_full,direct_transfer,cer_scratch_full,2,232,0.6005975405813245,0.5401681531331644,0.5303151169159002,-0.009853036217264176,-0.0069184615432688334,-1.8996523657426199,-1.3008195718484745,0.16810344827586207
12,rmse,test_z_clock_rmse,direct_vs_full,direct_transfer,cer_scratch_full,3,232,0.7448170201841541,0.5318492514716133,0.5205665361898495,-0.01128271528176372,-0.005786460874263155,-1.7997709777637008,-1.1567345786773475,0.23706896551724138
12,rmse,test_z_clock_rmse,direct_vs_full,direct_transfer,cer_scratch_full,4,232,1.05513645174447,0.5048402821506999,0.47925276978927117,-0.025587512361428748,-0.006642748685562999,-4.046728239156591,-1.5600751915347937,0.2413793103448276
12,rmse,test_z_clock_rmse,fine_tuning_vs_limited,fine_tuning,cer_scratch_limited,1,233,0.4468995900958787,0.5949787727991037,0.6331751627211969,0.03819638992209316,0.028066620295211342,5.562678101678967,4.871270138293334,0.9613733905579399
12,rmse,test_z_clock_rmse,fine_tuning_vs_limited,fine_tuning,cer_scratch_limited,2,232,0.6005975405813245,0.5416340649631184,0.5720620278517113,0.030427962888593063,0.02181932033444617,5.156318576547164,4.575428225831571,0.9525862068965517
12,rmse,test_z_clock_rmse,fine_tuning_vs_limited,fine_tuning,cer_scratch_limited,3,232,0.7448170201841541,0.5328574150232088,0.566468659337935,0.03361124431472638,0.02613545552024238,5.3161080445155084,5.147332235860857,0.9267241379310345
12,rmse,test_z_clock_rmse,fine_tuning_vs_limited,fine_tuning,cer_scratch_limited,4,232,1.05513645174447,0.5087733074982549,0.5359765532850345,0.027203245786779476,0.01624318773437822,3.923730334266425,3.7433234695411723,0.8491379310344828
12,rmse,test_z_clock_rmse,full_vs_fine_tuning,cer_scratch_full,fine_tuning,1,233,0.4468995900958787,0.5803298445406401,0.5949787727991037,0.014648928258463763,0.009045095722215457,2.244400083855365,1.7178376507447,0.8540772532188842
12,rmse,test_z_clock_rmse,full_vs_fine_tuning,cer_scratch_full,fine_tuning,2,232,0.6005975405813245,0.5303151169159002,0.5416340649631184,0.011318948047218143,0.00782416312668216,2.157122296747237,1.5950489961751058,0.8663793103448276
12,rmse,test_z_clock_rmse,full_vs_fine_tuning,cer_scratch_full,fine_tuning,3,232,0.7448170201841541,0.5205665361898495,0.5328574150232088,0.01229087883335927,0.006309069394913436,1.9532372556002997,1.4536658512752174,0.8017241379310345
12,rmse,test_z_clock_rmse,full_vs_fine_tuning,cer_scratch_full,fine_tuning,4,232,1.05513645174447,0.47925276978927117,0.5087733074982549,0.029520537708983823,0.00995532280772364,4.109951280479293,2.356353472240582,0.8448275862068966
12,rmse,test_mean_abs_change_pct,source_transfer,direct_transfer,cer_scratch_limited,1,233,6.5005249337291255,0.4891163033892351,0.5070648905477338,0.017948587158498647,0.014446223654287382,3.5930817281937575,2.987905926758034,0.9699570815450643
12,rmse,test_mean_abs_change_pct,source_transfer,direct_transfer,cer_scratch_limited,2,232,19.598732108118142,0.5132319559353304,0.5385623872686138,0.025330431333283394,0.019284180387101946,4.646511119224676,3.8173362236870485,0.9698275862068966
12,rmse,test_mean_abs_change_pct,source_transfer,direct_transfer,cer_scratch_limited,3,232,39.58503196415356,0.541766829459659,0.5789570998707833,0.03719027041112427,0.02915976592796163,6.303254054978555,5.57237669339955,0.9913793103448276
12,rmse,test_mean_abs_change_pct,source_transfer,direct_transfer,cer_scratch_limited,4,232,137.51540675880167,0.6269809968510397,0.6836416042681154,0.056660607417075744,0.044676762147907445,7.815784652656791,7.109636004455762,0.9612068965517241
12,rmse,test_mean_abs_change_pct,fine_tuning,fine_tuning,direct_transfer,1,233,6.5005249337291255,0.4925879300643173,0.4891163033892351,-0.0034716266750821046,-0.0028706363967070936,-0.8065580132407049,-0.6357019790372911,0.11587982832618025
12,rmse,test_mean_abs_change_pct,fine_tuning,fine_tuning,direct_transfer,2,232,19.598732108118142,0.5153041235666376,0.5132319559353304,-0.002072167631307219,-0.001104656535187598,-0.46219974310072603,-0.26635861321309895,0.3577586206896552
12,rmse,test_mean_abs_change_pct,fine_tuning,fine_tuning,direct_transfer,3,232,39.58503196415356,0.5423399160984708,0.541766829459659,-0.000573086638811698,0.0006058732591300298,-0.27696797565903314,0.10698301562283632,0.5689655172413793
12,rmse,test_mean_abs_change_pct,fine_tuning,fine_tuning,direct_transfer,4,232,137.51540675880167,0.6284529303936343,0.6269809968510397,-0.0014719335425946417,0.0001146447985548027,-0.9458797070189111,0.02474033988737173,0.5086206896551724
12,rmse,test_mean_abs_change_pct,full_data,cer_scratch_full,cer_scratch_limited,1,233,6.5005249337291255,0.4865891150789511,0.5070648905477338,0.020475775468782622,0.017154883810924115,3.983308903131384,3.775890041725077,0.9184549356223176
12,rmse,test_mean_abs_change_pct,full_data,cer_scratch_full,cer_scratch_limited,2,232,19.598732108118142,0.5075017938385381,0.5385623872686138,0.031060593430075643,0.025601558969121335,5.588500228110983,5.140550262450609,0.9525862068965517
12,rmse,test_mean_abs_change_pct,full_data,cer_scratch_full,cer_scratch_limited,3,232,39.58503196415356,0.5306619318176505,0.5789570998707833,0.04829516805313281,0.04014594109892958,8.008179310049318,7.605879155898958,0.9741379310344828
12,rmse,test_mean_abs_change_pct,full_data,cer_scratch_full,cer_scratch_limited,4,232,137.51540675880167,0.5861154815688904,0.6836416042681154,0.09752612269922505,0.07266055659713427,12.15123328809852,12.194414548360559,0.9870689655172413
12,rmse,test_mean_abs_change_pct,direct_vs_full,direct_transfer,cer_scratch_full,1,233,6.5005249337291255,0.4891163033892351,0.4865891150789511,-0.0025271883102839787,-0.0029860565066439637,-0.4387658855622469,-0.696723819931532,0.3133047210300429
12,rmse,test_mean_abs_change_pct,direct_vs_full,direct_transfer,cer_scratch_full,2,232,19.598732108118142,0.5132319559353304,0.5075017938385381,-0.005730162096792245,-0.004229345065410228,-1.0456443805002635,-0.8855781695286392,0.2629310344827586
12,rmse,test_mean_abs_change_pct,direct_vs_full,direct_transfer,cer_scratch_full,3,232,39.58503196415356,0.541766829459659,0.5306619318176505,-0.011104897642008546,-0.007755756779128695,-1.9441451719933525,-1.5429349645732364,0.16379310344827586
12,rmse,test_mean_abs_change_pct,direct_vs_full,direct_transfer,cer_scratch_full,4,232,137.51540675880167,0.6269809968510397,0.5861154815688904,-0.0408655152821493,-0.019453752420362236,-6.438583401127536,-4.550208465570162,0.08620689655172414
12,rmse,test_mean_abs_change_pct,fine_tuning_vs_limited,fine_tuning,cer_scratch_limited,1,233,6.5005249337291255,0.4925879300643173,0.5070648905477338,0.014476960483416543,0.010451993875249505,2.8226884291786964,2.403176704743731,0.9141630901287554
12,rmse,test_mean_abs_change_pct,fine_tuning_vs_limited,fine_tuning,cer_scratch_limited,2,232,19.598732108118142,0.5153041235666376,0.5385623872686138,0.02325826370197618,0.018291985401969912,4.208226438276515,3.6642051397230353,0.9181034482758621
12,rmse,test_mean_abs_change_pct,fine_tuning_vs_limited,fine_tuning,cer_scratch_limited,3,232,39.58503196415356,0.5423399160984708,0.5789570998707833,0.03661718377231257,0.030917099222271677,6.047501251759416,5.731233313309266,0.9181034482758621
12,rmse,test_mean_abs_change_pct,fine_tuning_vs_limited,fine_tuning,cer_scratch_limited,4,232,137.51540675880167,0.6284529303936343,0.6836416042681154,0.0551886738744811,0.04398994437406861,6.89222923810594,7.137821418550791,0.9396551724137931
12,rmse,test_mean_abs_change_pct,full_vs_fine_tuning,cer_scratch_full,fine_tuning,1,233,6.5005249337291255,0.4865891150789511,0.4925879300643173,0.005998814985366084,0.005499416656073397,1.1910383617827176,1.275475008735974,0.7982832618025751
12,rmse,test_mean_abs_change_pct,full_vs_fine_tuning,cer_scratch_full,fine_tuning,2,232,19.598732108118142,0.5075017938385381,0.5153041235666376,0.007802329728099464,0.006022142884650028,1.4333627610149562,1.1399772796056404,0.8060344827586207
12,rmse,test_mean_abs_change_pct,full_vs_fine_tuning,cer_scratch_full,fine_tuning,3,232,39.58503196415356,0.5306619318176505,0.5423399160984708,0.011677984280820246,0.007484340009510676,2.0934428699706866,1.5642188403514292,0.8362068965517241
12,rmse,test_mean_abs_change_pct,full_vs_fine_tuning,cer_scratch_full,fine_tuning,4,232,137.51540675880167,0.5861154815688904,0.6284529303936343,0.04233744882474394,0.02021778255860468,5.751407276164147,4.235441218285347,0.9267241379310345
12,rmse,test_low_share_abs_change_pp,source_transfer,direct_transfer,cer_scratch_limited,1,233,0.3774889644805708,0.6326081455219246,0.6795925084974759,0.04698436297555134,0.0350013630899052,6.377082168124401,5.64219047544344,0.9871244635193133
12,rmse,test_low_share_abs_change_pp,source_transfer,direct_transfer,cer_scratch_limited,2,232,3.1579828658870066,0.5357461578796733,0.5672259639461686,0.03147980606649524,0.02421391265854206,5.3908092215253465,4.880199136336945,0.9827586206896551
12,rmse,test_low_share_abs_change_pp,source_transfer,direct_transfer,cer_scratch_limited,3,232,8.19414557490423,0.5128696337706501,0.5442282338914182,0.031358600120767986,0.02199168207678054,5.411637366068327,4.358778954629605,0.9698275862068966
12,rmse,test_low_share_abs_change_pp,source_transfer,direct_transfer,cer_scratch_limited,4,232,24.74905530954693,0.48925364914347874,0.5164356220945382,0.027181972951059497,0.018695841819375877,5.167102797439452,4.535018839819189,0.9525862068965517
12,rmse,test_low_share_abs_change_pp,fine_tuning,fine_tuning,direct_transfer,1,233,0.3774889644805708,0.6343935558577878,0.6326081455219246,-0.0017854103358630772,-0.0007998057010464299,-0.34319370214435496,-0.13680738166474093,0.4248927038626609
12,rmse,test_low_share_abs_change_pp,fine_tuning,fine_tuning,direct_transfer,2,232,3.1579828658870066,0.5372319163832079,0.5357461578796733,-0.001485758503534588,-0.0010442650983724516,-0.42176585683568707,-0.25416228855210893,0.3577586206896552
12,rmse,test_low_share_abs_change_pp,fine_tuning,fine_tuning,direct_transfer,3,232,8.19414557490423,0.5142546383533331,0.5128696337706501,-0.0013850045826828772,-0.0006935478039569731,-0.40617547509899726,-0.14974307955032667,0.3922413793103448
12,rmse,test_low_share_abs_change_pp,fine_tuning,fine_tuning,direct_transfer,4,232,24.74905530954693,0.49219355838306983,0.48925364914347874,-0.0029399092395910645,-0.0013271620152238428,-1.322467664901958,-0.31686021971497336,0.375
12,rmse,test_low_share_abs_change_pp,full_data,cer_scratch_full,cer_scratch_limited,1,233,0.3774889644805708,0.6154274031351417,0.6795925084974759,0.0641651053623343,0.04385201059401489,8.449340979751373,7.599825745571421,0.9785407725321889
12,rmse,test_low_share_abs_change_pp,full_data,cer_scratch_full,cer_scratch_limited,2,232,3.1579828658870066,0.5262228313825962,0.5672259639461686,0.04100313256357229,0.03033735179818267,6.652508067144538,6.168272365156178,0.9439655172413793
12,rmse,test_low_share_abs_change_pp,full_data,cer_scratch_full,cer_scratch_limited,3,232,8.19414557490423,0.5012773623875035,0.5442282338914182,0.042950871503914634,0.028048432555995095,7.240714556220517,5.8259242059244745,0.9568965517241379
12,rmse,test_low_share_abs_change_pp,full_data,cer_scratch_full,cer_scratch_limited,4,232,24.74905530954693,0.46738538795027074,0.5164356220945382,0.04905023414426751,0.02933290358407717,7.369407988012482,6.318299355275933,0.9525862068965517
12,rmse,test_low_share_abs_change_pp,direct_vs_full,direct_transfer,cer_scratch_full,1,233,0.3774889644805708,0.6326081455219246,0.6154274031351417,-0.017180742386782973,-0.009006710286803332,-2.4481054035771352,-1.4409433212245328,0.1630901287553648
12,rmse,test_low_share_abs_change_pp,direct_vs_full,direct_transfer,cer_scratch_full,2,232,3.1579828658870066,0.5357461578796733,0.5262228313825962,-0.009523326497077043,-0.0053245086501290395,-1.4851647510183719,-1.11215902862385,0.2543103448275862
12,rmse,test_low_share_abs_change_pp,direct_vs_full,direct_transfer,cer_scratch_full,3,232,8.19414557490423,0.5128696337706501,0.5012773623875035,-0.011592271383146642,-0.005852085391098438,-2.1248035888079957,-1.2512222765566843,0.21120689655172414
12,rmse,test_low_share_abs_change_pp,direct_vs_full,direct_transfer,cer_scratch_full,4,232,24.74905530954693,0.48925364914347874,0.46738538795027074,-0.021868261193208022,-0.008010601256061383,-3.8004041495815564,-1.7404975944066365,0.19827586206896552
12,rmse,test_low_share_abs_change_pp,fine_tuning_vs_limited,fine_tuning,cer_scratch_limited,1,233,0.3774889644805708,0.6343935558577878,0.6795925084974759,0.04519895263968826,0.032712163049934906,6.056758986076105,5.731617404019127,0.9399141630901288
12,rmse,test_low_share_abs_change_pp,fine_tuning_vs_limited,fine_tuning,cer_scratch_limited,2,232,3.1579828658870066,0.5372319163832079,0.5672259639461686,0.02999404756296065,0.0242524238605063,4.994113453157909,4.730894849418106,0.9439655172413793
12,rmse,test_low_share_abs_change_pp,fine_tuning_vs_limited,fine_tuning,cer_scratch_limited,3,232,8.19414557490423,0.5142546383533331,0.5442282338914182,0.02997359553808511,0.02086017745585944,5.033036835680926,4.072617287127384,0.9396551724137931
12,rmse,test_low_share_abs_change_pp,fine_tuning_vs_limited,fine_tuning,cer_scratch_limited,4,232,24.74905530954693,0.49219355838306983,0.5164356220945382,0.02424206371146843,0.01846700498295764,3.8727961231086576,4.143242650222573,0.8663793103448276
12,rmse,test_low_share_abs_change_pp,full_vs_fine_tuning,cer_scratch_full,fine_tuning,1,233,0.3774889644805708,0.6154274031351417,0.6343935558577878,0.01896615272264605,0.009792042409647317,2.572473531011911,1.7462778032214896,0.871244635193133
12,rmse,test_low_share_abs_change_pp,full_vs_fine_tuning,cer_scratch_full,fine_tuning,2,232,3.1579828658870066,0.5262228313825962,0.5372319163832079,0.01100908500061163,0.006948896283681366,1.7845601708767311,1.3682426053715653,0.8275862068965517
12,rmse,test_low_share_abs_change_pp,full_vs_fine_tuning,cer_scratch_full,fine_tuning,3,232,8.19414557490423,0.5012773623875035,0.5142546383533331,0.012977275965829519,0.007430741604682267,2.340720349330818,1.5513914680359704,0.8448275862068966
12,rmse,test_low_share_abs_change_pp,full_vs_fine_tuning,cer_scratch_full,fine_tuning,4,232,24.74905530954693,0.46738538795027074,0.49219355838306983,0.024808170432799086,0.009360524445308438,3.7655427557767154,2.2313482767362496,0.8232758620689655
12,rmse,test_high_share_abs_change_pp,source_transfer,direct_transfer,cer_scratch_limited,1,233,0.5815469077633973,0.37057225622223394,0.38493619974719556,0.014363943524961644,0.011203901483411216,4.277936921471873,3.4044009224113507,0.9656652360515021
12,rmse,test_high_share_abs_change_pp,source_transfer,direct_transfer,cer_scratch_limited,2,232,2.591100036982731,0.4699682148129145,0.4901803061797667,0.02021209136685224,0.018174256908878528,4.302567721925855,3.575261516456087,0.9655172413793104
12,rmse,test_high_share_abs_change_pp,source_transfer,direct_transfer,cer_scratch_limited,3,232,6.365238057898254,0.5740000795771494,0.6048232399918618,0.030823160414712426,0.027532382754570178,5.226824601958429,4.705893227011984,0.978448275862069
12,rmse,test_high_share_abs_change_pp,source_transfer,direct_transfer,cer_scratch_limited,4,232,16.735212579699752,0.7570665007435137,0.828812652807114,0.0717461520636003,0.06041081877682486,8.54835034765763,8.035266547631602,0.9827586206896551
12,rmse,test_high_share_abs_change_pp,fine_tuning,fine_tuning,direct_transfer,1,233,0.5815469077633973,0.37290265192371624,0.37057225622223394,-0.0023303957014822515,-0.001869326501250157,-0.8789991238962045,-0.573713237458739,0.16738197424892703
12,rmse,test_high_share_abs_change_pp,fine_tuning,fine_tuning,direct_transfer,2,232,2.591100036982731,0.47252894945825263,0.4699682148129145,-0.0025607346453381664,-0.0011445834332874938,-0.8123283301304669,-0.27416194906574726,0.3448275862068966
12,rmse,test_high_share_abs_change_pp,fine_tuning,fine_tuning,direct_transfer,3,232,6.365238057898254,0.5752359854008162,0.5740000795771494,-0.0012359058236666822,0.00041204524997628944,-0.4523307399863839,0.05812900160384696,0.5344827586206896
12,rmse,test_high_share_abs_change_pp,fine_tuning,fine_tuning,direct_transfer,4,232,16.735212579699752,0.7585331981598465,0.7570665007435137,-0.0014666974163327004,1.9564302844166104e-05,-0.3476349988397013,0.002055662322321588,0.5043103448275862
12,rmse,test_high_share_abs_change_pp,full_data,cer_scratch_full,cer_scratch_limited,1,233,0.5815469077633973,0.3684931581302948,0.38493619974719556,0.016443041616900782,0.013359571711256596,4.392521324484931,3.8974466186927805,0.9098712446351931
12,rmse,test_high_share_abs_change_pp,full_data,cer_scratch_full,cer_scratch_limited,2,232,2.591100036982731,0.46580260570206067,0.4901803061797667,0.024377700477706064,0.02365558902594933,4.8520467078319145,4.756410125793618,0.9482758620689655
12,rmse,test_high_share_abs_change_pp,full_data,cer_scratch_full,cer_scratch_limited,3,232,6.365238057898254,0.5623659614217925,0.6048232399918618,0.04245727857006942,0.04037910372988518,7.349466166406397,6.659273231861464,0.9741379310344828
12,rmse,test_high_share_abs_change_pp,full_data,cer_scratch_full,cer_scratch_limited,4,232,16.735212579699752,0.7147156313470747,0.828812652807114,0.11409702146003933,0.09183574792011462,13.135423684023197,12.057835074196905,1.0
12,rmse,test_high_share_abs_change_pp,direct_vs_full,direct_transfer,cer_scratch_full,1,233,0.5815469077633973,0.37057225622223394,0.3684931581302948,-0.002079098091939136,-0.0016428561667309882,-0.8486482154769551,-0.5272987108261528,0.3648068669527897
12,rmse,test_high_share_abs_change_pp,direct_vs_full,direct_transfer,cer_scratch_full,2,232,2.591100036982731,0.4699682148129145,0.46580260570206067,-0.004165609110853822,-0.0042946613357011665,-0.8710383438120156,-0.9808300595951347,0.21982758620689655
12,rmse,test_high_share_abs_change_pp,direct_vs_full,direct_transfer,cer_scratch_full,3,232,6.365238057898254,0.5740000795771494,0.5623659614217925,-0.011634118155356999,-0.010092955528171355,-2.4452928791147,-1.675864013318845,0.1810344827586207
12,rmse,test_high_share_abs_change_pp,direct_vs_full,direct_transfer,cer_scratch_full,4,232,16.735212579699752,0.7570665007435137,0.7147156313470747,-0.04235086939643905,-0.0232655754101162,-5.700392666599061,-3.443086018056226,0.0603448275862069
12,rmse,test_high_share_abs_change_pp,fine_tuning_vs_limited,fine_tuning,cer_scratch_limited,1,233,0.5815469077633973,0.37290265192371624,0.38493619974719556,0.012033547823479394,0.00970122867652412,3.436017207179884,2.8988434900196536,0.8969957081545065
12,rmse,test_high_share_abs_change_pp,fine_tuning_vs_limited,fine_tuning,cer_scratch_limited,2,232,2.591100036982731,0.47252894945825263,0.4901803061797667,0.017651356721514078,0.01655072682365155,3.5238091058412033,3.205723902170997,0.9094827586206896
12,rmse,test_high_share_abs_change_pp,fine_tuning_vs_limited,fine_tuning,cer_scratch_limited,3,232,6.365238057898254,0.5752359854008162,0.6048232399918618,0.029587254591045747,0.029251652569910108,4.788527398711691,4.882570845703847,0.9267241379310345
12,rmse,test_high_share_abs_change_pp,fine_tuning_vs_limited,fine_tuning,cer_scratch_limited,4,232,16.735212579699752,0.7585331981598465,0.828812652807114,0.07027945464726759,0.061835376161238575,8.21964798706192,8.186607942455668,0.9568965517241379
12,rmse,test_high_share_abs_change_pp,full_vs_fine_tuning,cer_scratch_full,fine_tuning,1,233,0.5815469077633973,0.3684931581302948,0.37290265192371624,0.004409493793421387,0.0032030642522626884,1.1544147491858319,0.9408259165991679,0.7639484978540773
12,rmse,test_high_share_abs_change_pp,full_vs_fine_tuning,cer_scratch_full,fine_tuning,2,232,2.591100036982731,0.46580260570206067,0.47252894945825263,0.0067263437561919884,0.006027801264405136,1.446766859320543,1.268210588054561,0.8318965517241379
12,rmse,test_high_share_abs_change_pp,full_vs_fine_tuning,cer_scratch_full,fine_tuning,3,232,6.365238057898254,0.5623659614217925,0.5752359854008162,0.012870023979023681,0.01054116411152936,2.6295511284060957,1.8923673594097647,0.8405172413793104
12,rmse,test_high_share_abs_change_pp,full_vs_fine_tuning,cer_scratch_full,fine_tuning,4,232,16.735212579699752,0.7147156313470747,0.7585331981598465,0.04381756681277174,0.024457835286124663,5.238676392419162,3.8830785329765507,0.9310344827586207
12,smape,test_z_clock_rmse,source_transfer,direct_transfer,cer_scratch_limited,1,233,0.4468995900958787,66.57815848123101,67.13223185228172,0.5540733710507061,0.24947503097993717,1.1846946426755574,0.36381369510517914,0.5278969957081545
12,smape,test_z_clock_rmse,source_transfer,direct_transfer,cer_scratch_limited,2,232,0.6005975405813245,63.1838745830252,63.941318373714374,0.7574437906891707,0.6881576076996723,1.5863252060545845,0.9928623126266805,0.5775862068965517
12,smape,test_z_clock_rmse,source_transfer,direct_transfer,cer_scratch_limited,3,232,0.7448170201841541,64.76399398447546,65.86000698740574,1.096013002930279,0.9521685030528388,2.034512446346304,1.4334287529635543,0.5948275862068966
12,smape,test_z_clock_rmse,source_transfer,direct_transfer,cer_scratch_limited,4,232,1.05513645174447,73.51222552878326,74.853164914028,1.3409393852447238,0.5730383655930709,2.1291016688501494,0.8836669271077195,0.5732758620689655
12,smape,test_z_clock_rmse,fine_tuning,fine_tuning,direct_transfer,1,233,0.4468995900958787,69.83845484368987,66.57815848123101,-3.2602963624588477,-3.1881622392052833,-4.8700156109090145,-4.746074911657332,0.004291845493562232
12,smape,test_z_clock_rmse,fine_tuning,fine_tuning,direct_transfer,2,232,0.6005975405813245,66.40278839376839,63.1838745830252,-3.2189138107431936,-3.1431929234273674,-5.136147377126293,-4.9072705496575315,0.008620689655172414
12,smape,test_z_clock_rmse,fine_tuning,fine_tuning,direct_transfer,3,232,0.7448170201841541,68.05667464835108,64.76399398447546,-3.292680663875609,-3.136999553956475,-5.0386202339249,-4.928255184563616,0.01293103448275862
12,smape,test_z_clock_rmse,fine_tuning,fine_tuning,direct_transfer,4,232,1.05513645174447,77.11739270767926,73.51222552878326,-3.605167178895967,-3.2059803668521525,-5.0338779682585075,-4.926353373360701,0.021551724137931036
12,smape,test_z_clock_rmse,full_data,cer_scratch_full,cer_scratch_limited,1,233,0.4468995900958787,65.31703958960925,67.13223185228172,1.8151922626724688,1.6254011869204135,2.85413822126708,2.4156254613940886,0.6952789699570815
12,smape,test_z_clock_rmse,full_data,cer_scratch_full,cer_scratch_limited,2,232,0.6005975405813245,62.24645783846039,63.941318373714374,1.6948605352539914,1.5247728756908714,2.8138989399090226,2.4277017958959806,0.6939655172413793
12,smape,test_z_clock_rmse,full_data,cer_scratch_full,cer_scratch_limited,3,232,0.7448170201841541,64.12345452786437,65.86000698740574,1.7365524595413855,1.913659228226802,2.708693811403614,2.842857719691689,0.6853448275862069
12,smape,test_z_clock_rmse,full_data,cer_scratch_full,cer_scratch_limited,4,232,1.05513645174447,71.69930323471955,74.853164914028,3.1538616793084406,2.1975034239414484,4.029967414489264,2.959095881946239,0.6939655172413793
12,smape,test_z_clock_rmse,direct_vs_full,direct_transfer,cer_scratch_full,1,233,0.4468995900958787,66.57815848123101,65.31703958960925,-1.2611188916217628,-1.0942878258664024,-1.829125092014025,-1.6826593382114619,0.30472103004291845
12,smape,test_z_clock_rmse,direct_vs_full,direct_transfer,cer_scratch_full,2,232,0.6005975405813245,63.1838745830252,62.24645783846039,-0.9374167445648208,-0.5995729395941858,-1.4617598899034547,-1.0714486171246365,0.38362068965517243
12,smape,test_z_clock_rmse,direct_vs_full,direct_transfer,cer_scratch_full,3,232,0.7448170201841541,64.76399398447546,64.12345452786437,-0.6405394566111063,-0.4875158337174348,-0.935648139067755,-0.7989539828967209,0.46551724137931033
12,smape,test_z_clock_rmse,direct_vs_full,direct_transfer,cer_scratch_full,4,232,1.05513645174447,73.51222552878326,71.69930323471955,-1.8129222940637164,-1.014597880669772,-2.8201164589095336,-1.506009263437305,0.41810344827586204
12,smape,test_z_clock_rmse,fine_tuning_vs_limited,fine_tuning,cer_scratch_limited,1,233,0.4468995900958787,69.83845484368987,67.13223185228172,-2.7062229914081413,-3.048477009149991,-3.6906288466592723,-4.314760068710057,0.27467811158798283
12,smape,test_z_clock_rmse,fine_tuning_vs_limited,fine_tuning,cer_scratch_limited,2,232,0.6005975405813245,66.40278839376839,63.941318373714374,-2.461470020054023,-2.4397507242507324,-3.5148938308345086,-3.973779818135108,0.28879310344827586
12,smape,test_z_clock_rmse,fine_tuning_vs_limited,fine_tuning,cer_scratch_limited,3,232,0.7448170201841541,68.05667464835108,65.86000698740574,-2.1966676609453297,-2.0043283981459865,-2.9673812371822668,-3.0566219005686657,0.3103448275862069
12,smape,test_z_clock_rmse,fine_tuning_vs_limited,fine_tuning,cer_scratch_limited,4,232,1.05513645174447,77.11739270767926,74.853164914028,-2.2642277936512434,-2.3002552914988925,-2.9224561565501768,-3.700370649611487,0.3448275862068966
12,smape,test_z_clock_rmse,full_vs_fine_tuning,cer_scratch_full,fine_tuning,1,233,0.4468995900958787,65.31703958960925,69.83845484368987,4.521415254080611,4.189704790939189,6.115818835865212,6.204467157828229,0.9184549356223176
12,smape,test_z_clock_rmse,full_vs_fine_tuning,cer_scratch_full,fine_tuning,2,232,0.6005975405813245,62.24645783846039,66.40278839376839,4.156330555308014,3.794010160112734,5.8915453874606225,5.823933340261584,0.8793103448275862
12,smape,test_z_clock_rmse,full_vs_fine_tuning,cer_scratch_full,fine_tuning,3,232,0.7448170201841541,64.12345452786437,68.05667464835108,3.9332201204867157,3.1985900600301846,5.277397857597211,4.831172646500329,0.8362068965517241
12,smape,test_z_clock_rmse,full_vs_fine_tuning,cer_scratch_full,fine_tuning,4,232,1.05513645174447,71.69930323471955,77.11739270767926,5.418089472959684,3.996966531391841,6.441310292754963,6.051264316916164,0.8060344827586207
12,smape,test_mean_abs_change_pct,source_transfer,direct_transfer,cer_scratch_limited,1,233,6.5005249337291255,66.18123287271592,65.18529635111453,-0.9959365216013975,-1.114247815010856,-1.359229618806077,-1.680003241889009,0.2918454935622318
12,smape,test_mean_abs_change_pct,source_transfer,direct_transfer,cer_scratch_limited,2,232,19.598732108118142,65.1169516696766,64.9375755907995,-0.1793760788771103,-0.1152788805989644,0.11652916621475487,-0.2147094405240484,0.47413793103448276
12,smape,test_mean_abs_change_pct,source_transfer,direct_transfer,cer_scratch_limited,3,232,39.58503196415356,66.00319896624852,67.06440303953872,1.061204073290189,1.1702350706254485,2.213502551271596,1.9343918067553352,0.6637931034482759
12,smape,test_mean_abs_change_pct,source_transfer,direct_transfer,cer_scratch_limited,4,232,137.51540675880167,70.7385799551175,74.60783910934421,3.869259154226698,3.4326986262084134,5.974797056028571,5.032179351832918,0.8448275862068966
12,smape,test_mean_abs_change_pct,fine_tuning,fine_tuning,direct_transfer,1,233,6.5005249337291255,70.19596800974026,66.18123287271592,-4.0147351370243225,-3.777115410244228,-6.141355268300813,-5.876836867648657,0.0
12,smape,test_mean_abs_change_pct,fine_tuning,fine_tuning,direct_transfer,2,232,19.598732108118142,68.69854296939592,65.1169516696766,-3.5815912997193053,-3.2478752385915968,-5.493060440423613,-5.146073140364525,0.004310344827586207
12,smape,test_mean_abs_change_pct,fine_tuning,fine_tuning,direct_transfer,3,232,39.58503196415356,69.24713805894868,66.00319896624852,-3.2439390927001486,-2.893969308120763,-4.875064687406869,-4.7218707151292225,0.004310344827586207
12,smape,test_mean_abs_change_pct,fine_tuning,fine_tuning,direct_transfer,4,232,137.51540675880167,73.27212055037765,70.7385799551175,-2.533540595260162,-2.1818403723581454,-3.563700881771075,-3.4266849523554272,0.03879310344827586
12,smape,test_mean_abs_change_pct,full_data,cer_scratch_full,cer_scratch_limited,1,233,6.5005249337291255,63.7655399738236,65.18529635111453,1.4197563772909185,1.526569784231981,2.1910378373644384,2.5510620091265457,0.7124463519313304
12,smape,test_mean_abs_change_pct,full_data,cer_scratch_full,cer_scratch_limited,2,232,19.598732108118142,63.76579449829758,64.9375755907995,1.171781092501918,0.9449024933263566,1.9090869770540657,1.5017341825665358,0.6379310344827587
12,smape,test_mean_abs_change_pct,full_data,cer_scratch_full,cer_scratch_limited,3,232,39.58503196415356,65.12251563220056,67.06440303953872,1.9418874073381553,1.801290830870382,3.0366655084388032,2.5486253757371546,0.6982758620689655
12,smape,test_mean_abs_change_pct,full_data,cer_scratch_full,cer_scratch_limited,4,232,137.51540675880167,70.73909258467572,74.60783910934421,3.868746524668491,3.141773061354911,5.272766255521598,4.649232364885579,0.7198275862068966
12,smape,test_mean_abs_change_pct,direct_vs_full,direct_transfer,cer_scratch_full,1,233,6.5005249337291255,66.18123287271592,63.7655399738236,-2.4156928988923156,-2.4965442779571703,-3.8373697641214966,-3.7616557518010416,0.21030042918454936
12,smape,test_mean_abs_change_pct,direct_vs_full,direct_transfer,cer_scratch_full,2,232,19.598732108118142,65.1169516696766,63.76579449829758,-1.351157171379028,-0.9102493665471805,-2.0816852209505594,-1.4663241154829474,0.34913793103448276
12,smape,test_mean_abs_change_pct,direct_vs_full,direct_transfer,cer_scratch_full,3,232,39.58503196415356,66.00319896624852,65.12251563220056,-0.8806833340479664,-0.38620375790558015,-1.0804617016319553,-0.5373466947224448,0.4224137931034483
12,smape,test_mean_abs_change_pct,direct_vs_full,direct_transfer,cer_scratch_full,4,232,137.51540675880167,70.7385799551175,70.73909258467572,0.0005126295582074574,0.5477671073130921,-0.03847666615581149,0.7770418282072477,0.5905172413793104
12,smape,test_mean_abs_change_pct,fine_tuning_vs_limited,fine_tuning,cer_scratch_limited,1,233,6.5005249337291255,70.19596800974026,65.18529635111453,-5.01067165862572,-5.161538482042978,-7.6135724048336755,-8.247668412049306,0.08583690987124463
12,smape,test_mean_abs_change_pct,fine_tuning_vs_limited,fine_tuning,cer_scratch_limited,2,232,19.598732108118142,68.69854296939592,64.9375755907995,-3.7609673785964155,-3.437893632097971,-5.4178131488025345,-5.867321619687166,0.16810344827586207
12,smape,test_mean_abs_change_pct,fine_tuning_vs_limited,fine_tuning,cer_scratch_limited,3,232,39.58503196415356,69.24713805894868,67.06440303953872,-2.1827350194099595,-1.5986249310508285,-2.590216875199298,-2.923037373305279,0.34051724137931033
12,smape,test_mean_abs_change_pct,fine_tuning_vs_limited,fine_tuning,cer_scratch_limited,4,232,137.51540675880167,73.27212055037765,74.60783910934421,1.3357185589665366,1.0891914479330005,2.5431515970841727,1.4682639044325518,0.625
12,smape,test_mean_abs_change_pct,full_vs_fine_tuning,cer_scratch_full,fine_tuning,1,233,6.5005249337291255,63.7655399738236,70.19596800974026,6.430428035916639,6.458146940464744,8.96971405747628,9.244768187366626,0.9527896995708155
12,smape,test_mean_abs_change_pct,full_vs_fine_tuning,cer_scratch_full,fine_tuning,2,232,19.598732108118142,63.76579449829758,68.69854296939592,4.932748471098333,4.239069696081156,6.761627726321659,6.427389019745898,0.9137931034482759
12,smape,test_mean_abs_change_pct,full_vs_fine_tuning,cer_scratch_full,fine_tuning,3,232,39.58503196415356,65.12251563220056,69.24713805894868,4.1246224267481155,3.277916249182965,5.3306754134581045,5.052846052848233,0.9008620689655172
12,smape,test_mean_abs_change_pct,full_vs_fine_tuning,cer_scratch_full,fine_tuning,4,232,137.51540675880167,70.73909258467572,73.27212055037765,2.533027965701955,1.5637965613537794,2.6517539039150257,2.4445102638648377,0.6724137931034483
12,smape,test_low_share_abs_change_pp,source_transfer,direct_transfer,cer_scratch_limited,1,233,0.3774889644805708,55.4997998059317,56.919476469649204,1.4196766637175005,1.2184386922701407,2.887615793981924,2.1991711368195883,0.6394849785407726
12,smape,test_low_share_abs_change_pp,source_transfer,direct_transfer,cer_scratch_limited,2,232,3.1579828658870066,65.3754927891334,65.70718848383844,0.3316956947050434,0.20478030482556164,0.8804059945877774,0.30088954299143245,0.5301724137931034
12,smape,test_low_share_abs_change_pp,source_transfer,direct_transfer,cer_scratch_limited,3,232,8.19414557490423,68.97928743566953,69.55765239946564,0.5783649637961283,0.2818260268167698,1.0536278263694596,0.3726116807298464,0.5301724137931034
12,smape,test_low_share_abs_change_pp,source_transfer,direct_transfer,cer_scratch_limited,4,232,24.74905530954693,78.23142409279455,79.64642527181547,1.4150011790209196,0.5127913636642525,2.105644171611113,0.9352936645150389,0.5732758620689655
12,smape,test_low_share_abs_change_pp,fine_tuning,fine_tuning,direct_transfer,1,233,0.3774889644805708,58.25600477403633,55.4997998059317,-2.7562049681046186,-2.5897249169151877,-4.898491747888253,-4.751080236965339,0.012875536480686695
12,smape,test_low_share_abs_change_pp,fine_tuning,fine_tuning,direct_transfer,2,232,3.1579828658870066,68.78139487977491,65.3754927891334,-3.4059020906415136,-3.240806408455171,-5.175529515859235,-4.919110934152802,0.004310344827586207
12,smape,test_low_share_abs_change_pp,fine_tuning,fine_tuning,direct_transfer,3,232,8.19414557490423,72.51117973910745,68.97928743566953,-3.5318923034379175,-3.4468685433423545,-5.146114719532883,-4.834877696210032,0.008620689655172414
12,smape,test_low_share_abs_change_pp,fine_tuning,fine_tuning,direct_transfer,4,232,24.74905530954693,81.9166555543184,78.23142409279455,-3.6852314615238537,-3.389815024272771,-4.858402464968606,-4.91868444288673,0.021551724137931036
12,smape,test_low_share_abs_change_pp,full_data,cer_scratch_full,cer_scratch_limited,1,233,0.3774889644805708,54.80619811931407,56.919476469649204,2.113278350335134,2.140477265167519,3.980857970124607,3.8531836957132253,0.7167381974248928
12,smape,test_low_share_abs_change_pp,full_data,cer_scratch_full,cer_scratch_limited,2,232,3.1579828658870066,64.36275045222189,65.70718848383844,1.3444380316165543,1.6225030865727526,2.1024324966579573,2.3744859382593573,0.6810344827586207
12,smape,test_low_share_abs_change_pp,full_data,cer_scratch_full,cer_scratch_limited,3,232,8.19414557490423,68.16124967543901,69.55765239946564,1.3964027240266454,1.3960080921240454,2.1482069184433725,2.180607042499226,0.6853448275862069
12,smape,test_low_share_abs_change_pp,full_data,cer_scratch_full,cer_scratch_limited,4,232,24.74905530954693,76.10136229484365,79.64642527181547,3.5450629769718205,2.108501206056058,4.170344451201417,2.661865337316909,0.6853448275862069
12,smape,test_low_share_abs_change_pp,direct_vs_full,direct_transfer,cer_scratch_full,1,233,0.3774889644805708,55.4997998059317,54.80619811931407,-0.6936016866176342,-0.4744310036542956,-1.3229323799811112,-0.989148624458548,0.4291845493562232
12,smape,test_low_share_abs_change_pp,direct_vs_full,direct_transfer,cer_scratch_full,2,232,3.1579828658870066,65.3754927891334,64.36275045222189,-1.0127423369115107,-0.8411597635295713,-1.4675835352389526,-1.3747341126422288,0.36637931034482757
12,smape,test_low_share_abs_change_pp,direct_vs_full,direct_transfer,cer_scratch_full,3,232,8.19414557490423,68.97928743566953,68.16124967543901,-0.8180377602305171,-1.075904921305142,-1.484637400647884,-1.591163215767233,0.375
12,smape,test_low_share_abs_change_pp,direct_vs_full,direct_transfer,cer_scratch_full,4,232,24.74905530954693,78.23142409279455,76.10136229484365,-2.1300617979509004,-0.7219047070862352,-2.773678129164894,-1.1643488982413719,0.40086206896551724
12,smape,test_low_share_abs_change_pp,fine_tuning_vs_limited,fine_tuning,cer_scratch_limited,1,233,0.3774889644805708,58.25600477403633,56.919476469649204,-1.3365283043871181,-1.2446702001530312,-1.9505265809834043,-2.244075915188291,0.38626609442060084
12,smape,test_low_share_abs_change_pp,fine_tuning_vs_limited,fine_tuning,cer_scratch_limited,2,232,3.1579828658870066,68.78139487977491,65.70718848383844,-3.07420639593647,-3.150042282880559,-4.30533405383209,-4.567436059810867,0.22413793103448276
12,smape,test_low_share_abs_change_pp,fine_tuning_vs_limited,fine_tuning,cer_scratch_limited,3,232,8.19414557490423,72.51117973910745,69.55765239946564,-2.953527339641789,-3.0983628461734796,-4.102831983122647,-4.592270595617976,0.2543103448275862
12,smape,test_low_share_abs_change_pp,fine_tuning_vs_limited,fine_tuning,cer_scratch_limited,4,232,24.74905530954693,81.9166555543184,79.64642527181547,-2.2702302825029337,-2.3113385543177003,-2.7441678940884113,-3.085000871291134,0.35344827586206895
12,smape,test_low_share_abs_change_pp,full_vs_fine_tuning,cer_scratch_full,fine_tuning,1,233,0.3774889644805708,54.80619811931407,58.25600477403633,3.449806654722253,2.962771272921046,5.572730728378811,4.932771543171286,0.8884120171673819
12,smape,test_low_share_abs_change_pp,full_vs_fine_tuning,cer_scratch_full,fine_tuning,2,232,3.1579828658870066,64.36275045222189,68.78139487977491,4.418644427553024,4.200184821100205,5.98077460388624,6.0998569958472295,0.875
12,smape,test_low_share_abs_change_pp,full_vs_fine_tuning,cer_scratch_full,fine_tuning,3,232,8.19414557490423,68.16124967543901,72.51117973910745,4.349930063668435,3.9466384295402577,5.74611342932605,5.534172702360324,0.8620689655172413
12,smape,test_low_share_abs_change_pp,full_vs_fine_tuning,cer_scratch_full,fine_tuning,4,232,24.74905530954693,76.10136229484365,81.9166555543184,5.815293259474754,4.470625610282017,6.428794509101938,6.045123766223475,0.8146551724137931
12,smape,test_high_share_abs_change_pp,source_transfer,direct_transfer,cer_scratch_limited,1,233,0.5815469077633973,69.6310526787554,69.51353384303259,-0.11751883572280185,-0.4208042474030549,0.04120347572672383,-0.6725575956841171,0.4248927038626609
12,smape,test_high_share_abs_change_pp,source_transfer,direct_transfer,cer_scratch_limited,2,232,2.591100036982731,68.80530246940916,68.65143158827928,-0.15387088112987934,-0.48428485552464196,0.007294345797065644,-0.6297917178599091,0.4353448275862069
12,smape,test_high_share_abs_change_pp,source_transfer,direct_transfer,cer_scratch_limited,3,232,6.365238057898254,66.36092327533584,66.85046902859528,0.4895457532594603,0.38642716739928673,1.1134452837197442,0.6879269480637074,0.5517241379310345
12,smape,test_high_share_abs_change_pp,source_transfer,direct_transfer,cer_scratch_limited,4,232,16.735212579699752,63.2278151273011,66.76102343480393,3.5332083075028136,3.349615110892028,5.777619699919909,5.626299076875895,0.8620689655172413
12,smape,test_high_share_abs_change_pp,fine_tuning,fine_tuning,direct_transfer,1,233,0.5815469077633973,73.48874968321788,69.6310526787554,-3.857697004462473,-3.8586918723107573,-5.722665538355883,-5.662972645092916,0.012875536480686695
12,smape,test_high_share_abs_change_pp,fine_tuning,fine_tuning,direct_transfer,2,232,2.591100036982731,72.69504959557544,68.80530246940916,-3.8897471261663004,-3.5916012908704715,-5.765486647586727,-5.683753051887436,0.008620689655172414
12,smape,test_high_share_abs_change_pp,fine_tuning,fine_tuning,direct_transfer,3,232,6.365238057898254,69.67043998624469,66.36092327533584,-3.3095167109088552,-3.118929923933308,-4.962404694630009,-4.677605379354237,0.004310344827586207
12,smape,test_high_share_abs_change_pp,fine_tuning,fine_tuning,direct_transfer,4,232,16.735212579699752,65.54533729896984,63.2278151273011,-2.3175221716687315,-2.112492371174479,-3.624429094441584,-3.5747009336600772,0.021551724137931036
12,smape,test_high_share_abs_change_pp,full_data,cer_scratch_full,cer_scratch_limited,1,233,0.5815469077633973,68.3525952558831,69.51353384303259,1.1609385871494888,0.9798229957256765,1.7320787850842814,1.4456869388021532,0.6180257510729614
12,smape,test_high_share_abs_change_pp,full_data,cer_scratch_full,cer_scratch_limited,2,232,2.591100036982731,67.26819043748185,68.65143158827928,1.3832411507974223,1.2486669020579448,1.9226613782410316,1.9211757252080583,0.6724137931034483
12,smape,test_high_share_abs_change_pp,full_data,cer_scratch_full,cer_scratch_limited,3,232,6.365238057898254,65.33719069934254,66.85046902859528,1.5132783292527519,1.3355694021154214,2.264083957949562,1.9861898882849456,0.6379310344827587
12,smape,test_high_share_abs_change_pp,full_data,cer_scratch_full,cer_scratch_limited,4,232,16.735212579699752,62.415194506281075,66.76102343480393,4.345828928522843,3.5945818435060133,6.492710728881101,5.7041567742624775,0.8405172413793104
12,smape,test_high_share_abs_change_pp,direct_vs_full,direct_transfer,cer_scratch_full,1,233,0.5815469077633973,69.6310526787554,68.3525952558831,-1.2784574228722907,-1.3632839391246279,-2.093087104143943,-2.10606952028822,0.33047210300429186
12,smape,test_high_share_abs_change_pp,direct_vs_full,direct_transfer,cer_scratch_full,2,232,2.591100036982731,68.80530246940916,67.26819043748185,-1.537112031927302,-1.2596936665999507,-2.2544935665416954,-1.6858149854379822,0.35344827586206895
12,smape,test_high_share_abs_change_pp,direct_vs_full,direct_transfer,cer_scratch_full,3,232,6.365238057898254,66.36092327533584,65.33719069934254,-1.0237325759932916,-0.5376575627421261,-1.5684815173097666,-0.9406141875201517,0.4051724137931034
12,smape,test_high_share_abs_change_pp,direct_vs_full,direct_transfer,cer_scratch_full,4,232,16.735212579699752,63.2278151273011,62.415194506281075,-0.8126206210200292,-0.03370360106505643,-1.1294496246057004,-0.06095615413493713,0.4827586206896552
12,smape,test_high_share_abs_change_pp,fine_tuning_vs_limited,fine_tuning,cer_scratch_limited,1,233,0.5815469077633973,73.48874968321788,69.51353384303259,-3.975215840185275,-4.358351548064945,-5.737817160208088,-7.069598313298987,0.16738197424892703
12,smape,test_high_share_abs_change_pp,fine_tuning_vs_limited,fine_tuning,cer_scratch_limited,2,232,2.591100036982731,72.69504959557544,68.65143158827928,-4.04361800729618,-4.148630681548418,-5.820868631024545,-6.422981264973009,0.16810344827586207
12,smape,test_high_share_abs_change_pp,fine_tuning_vs_limited,fine_tuning,cer_scratch_limited,3,232,6.365238057898254,69.67043998624469,66.85046902859528,-2.8199709576493945,-2.6894499861618755,-3.8475533435621836,-3.9657400759716435,0.24568965517241378
12,smape,test_high_share_abs_change_pp,fine_tuning_vs_limited,fine_tuning,cer_scratch_limited,4,232,16.735212579699752,65.54533729896984,66.76102343480393,1.2156861358340825,1.0668403218078097,2.3197031511269937,1.8335349737646487,0.6379310344827587
12,smape,test_high_share_abs_change_pp,full_vs_fine_tuning,cer_scratch_full,fine_tuning,1,233,0.5815469077633973,68.3525952558831,73.48874968321788,5.1361544273347635,5.2976506192772845,6.864689926224533,7.483661468776123,0.8884120171673819
12,smape,test_high_share_abs_change_pp,full_vs_fine_tuning,cer_scratch_full,fine_tuning,2,232,2.591100036982731,67.26819043748185,72.69504959557544,5.426859158093603,4.801047147118517,7.060890964838049,7.258445219097836,0.8706896551724138
12,smape,test_high_share_abs_change_pp,full_vs_fine_tuning,cer_scratch_full,fine_tuning,3,232,6.365238057898254,65.33719069934254,69.67043998624469,4.333249286902147,3.735804211357568,5.651202703967697,5.2855236884660926,0.8620689655172413
12,smape,test_high_share_abs_change_pp,full_vs_fine_tuning,cer_scratch_full,fine_tuning,4,232,16.735212579699752,62.415194506281075,65.54533729896984,3.13014279268876,2.125481107100107,4.146060886016871,3.705887238413398,0.8189655172413793
48,mae,test_z_clock_rmse,source_transfer,direct_transfer,cer_scratch_limited,1,233,0.4468995900958787,0.35894801303382207,0.3716633773052604,0.012715364271438281,0.005420394986279886,3.015366560369017,1.6672158325945625,0.7854077253218884
48,mae,test_z_clock_rmse,source_transfer,direct_transfer,cer_scratch_limited,2,232,0.6005975405813245,0.3219518999554208,0.3299572927323708,0.00800539277694997,0.004631666082868899,2.68842727894186,1.6353564785389936,0.7887931034482759
48,mae,test_z_clock_rmse,source_transfer,direct_transfer,cer_scratch_limited,3,232,0.7448170201841541,0.31356826932722714,0.3252599373547288,0.011691668027501698,0.005805178378217091,3.320065661290259,2.247336693390297,0.8275862068965517
48,mae,test_z_clock_rmse,source_transfer,direct_transfer,cer_scratch_limited,4,232,1.05513645174447,0.29757461195164325,0.3132629484170302,0.015688336465386997,0.0084100003882277,5.171591263378803,3.236020594665627,0.8706896551724138
48,mae,test_z_clock_rmse,fine_tuning,fine_tuning,direct_transfer,1,233,0.4468995900958787,0.3796414863429588,0.35894801303382207,-0.020693473309136772,-0.01825704533799652,-6.03518193306882,-5.688037525492506,0.008583690987124463
48,mae,test_z_clock_rmse,fine_tuning,fine_tuning,direct_transfer,2,232,0.6005975405813245,0.3412307002749152,0.3219518999554208,-0.019278800319494336,-0.01776467003450921,-6.389446205611362,-5.567264708221026,0.01293103448275862
48,mae,test_z_clock_rmse,fine_tuning,fine_tuning,direct_transfer,3,232,0.7448170201841541,0.33029027475953787,0.31356826932722714,-0.016722005432310696,-0.01467616713120487,-6.031311131070189,-5.19459271859247,0.021551724137931036
48,mae,test_z_clock_rmse,fine_tuning,fine_tuning,direct_transfer,4,232,1.05513645174447,0.31700087051101905,0.29757461195164325,-0.019426258559375853,-0.014273144556566003,-8.633168616962553,-5.766849416358287,0.034482758620689655
48,mae,test_z_clock_rmse,full_data,cer_scratch_full,cer_scratch_limited,1,233,0.4468995900958787,0.3649630242720296,0.3716633773052604,0.006700353033230776,0.0003234862255445947,0.9347161174286998,0.10959296330722167,0.51931330472103
48,mae,test_z_clock_rmse,full_data,cer_scratch_full,cer_scratch_limited,2,232,0.6005975405813245,0.3277521204932008,0.3299572927323708,0.002205172239170022,0.0012509714382294979,0.7422812162283519,0.44674198281296384,0.5301724137931034
48,mae,test_z_clock_rmse,full_data,cer_scratch_full,cer_scratch_limited,3,232,0.7448170201841541,0.319855261290804,0.3252599373547288,0.0054046760639248365,0.001086421300770496,0.8974296276224671,0.2656383404134538,0.5301724137931034
48,mae,test_z_clock_rmse,full_data,cer_scratch_full,cer_scratch_limited,4,232,1.05513645174447,0.2943725751904557,0.3132629484170302,0.01889037322657443,0.004569779099342204,3.400703640021556,1.9778346395877433,0.5905172413793104
48,mae,test_z_clock_rmse,direct_vs_full,direct_transfer,cer_scratch_full,1,233,0.4468995900958787,0.35894801303382207,0.3649630242720296,0.006015011238207504,0.006147238529185417,1.8698670499437844,1.9725095825379089,0.6995708154506438
48,mae,test_z_clock_rmse,direct_vs_full,direct_transfer,cer_scratch_full,2,232,0.6005975405813245,0.3219518999554208,0.3277521204932008,0.005800220537779948,0.0055153584467094036,1.5291896028805025,1.8869485574544507,0.6853448275862069
48,mae,test_z_clock_rmse,direct_vs_full,direct_transfer,cer_scratch_full,3,232,0.7448170201841541,0.31356826932722714,0.319855261290804,0.006286991963576861,0.00596481831284288,2.0174728045473693,2.3179204614297326,0.6810344827586207
48,mae,test_z_clock_rmse,direct_vs_full,direct_transfer,cer_scratch_full,4,232,1.05513645174447,0.29757461195164325,0.2943725751904557,-0.0032020367611874387,0.002575320397469348,-0.9726081739386465,0.8805875058808266,0.5517241379310345
48,mae,test_z_clock_rmse,fine_tuning_vs_limited,fine_tuning,cer_scratch_limited,1,233,0.4468995900958787,0.3796414863429588,0.3716633773052604,-0.007978109037698487,-0.013647093862319992,-2.881151549496096,-4.18124821610353,0.24034334763948498
48,mae,test_z_clock_rmse,fine_tuning_vs_limited,fine_tuning,cer_scratch_limited,2,232,0.6005975405813245,0.3412307002749152,0.3299572927323708,-0.01127340754254437,-0.011668167121460266,-3.48746233271416,-4.4489778050608315,0.2543103448275862
48,mae,test_z_clock_rmse,fine_tuning_vs_limited,fine_tuning,cer_scratch_limited,3,232,0.7448170201841541,0.33029027475953787,0.3252599373547288,-0.005030337404808996,-0.008031154806069911,-2.5326738210980353,-3.095511437231089,0.3103448275862069
48,mae,test_z_clock_rmse,fine_tuning_vs_limited,fine_tuning,cer_scratch_limited,4,232,1.05513645174447,0.31700087051101905,0.3132629484170302,-0.0037379220939888613,-0.008125042671536742,-2.6746322413197716,-3.570616234008009,0.3232758620689655
48,mae,test_z_clock_rmse,full_vs_fine_tuning,cer_scratch_full,fine_tuning,1,233,0.4468995900958787,0.3649630242720296,0.3796414863429588,0.014678462070929264,0.01006318107350812,3.565684325259168,2.8355238079159895,0.7939914163090128
48,mae,test_z_clock_rmse,full_vs_fine_tuning,cer_scratch_full,fine_tuning,2,232,0.6005975405813245,0.3277521204932008,0.3412307002749152,0.013478579781714392,0.009320636510817937,3.910420380642143,2.8897370087683463,0.7801724137931034
48,mae,test_z_clock_rmse,full_vs_fine_tuning,cer_scratch_full,fine_tuning,3,232,0.7448170201841541,0.319855261290804,0.33029027475953787,0.010435013468733833,0.0072843928013475445,3.1926316846450318,2.428087922863784,0.7025862068965517
48,mae,test_z_clock_rmse,full_vs_fine_tuning,cer_scratch_full,fine_tuning,4,232,1.05513645174447,0.2943725751904557,0.31700087051101905,0.022628295320563298,0.013004334025865316,5.7696546517045135,4.717928048528996,0.6939655172413793
48,mae,test_mean_abs_change_pct,source_transfer,direct_transfer,cer_scratch_limited,1,233,6.5005249337291255,0.3002313471912692,0.3044208552769942,0.004189508085724991,0.0030661099674422765,1.6325969337719348,1.1933810067394048,0.776824034334764
48,mae,test_mean_abs_change_pct,source_transfer,direct_transfer,cer_scratch_limited,2,232,19.598732108118142,0.31035931300188246,0.3164299707409436,0.006070657739061117,0.0037137103950162093,2.034958064680234,1.2448389020858261,0.7844827586206896
48,mae,test_mean_abs_change_pct,source_transfer,direct_transfer,cer_scratch_limited,3,232,39.58503196415356,0.31940347484626697,0.3299167760643932,0.01051330121812623,0.007513030794270056,3.4576785588447168,2.789190237635516,0.8103448275862069
48,mae,test_mean_abs_change_pct,source_transfer,direct_transfer,cer_scratch_limited,4,232,137.51540675880167,0.36230174830560213,0.3896657921840775,0.027364043878475436,0.01708161983158471,7.076177420590798,5.030690962380116,0.9008620689655172
48,mae,test_mean_abs_change_pct,fine_tuning,fine_tuning,direct_transfer,1,233,6.5005249337291255,0.32607930685397374,0.3002313471912692,-0.025847959662704537,-0.025735687866490775,-8.974439069688508,-8.64414995195844,0.0
48,mae,test_mean_abs_change_pct,fine_tuning,fine_tuning,direct_transfer,2,232,19.598732108118142,0.3321219169414556,0.31035931300188246,-0.021762603939573154,-0.019345446064365446,-7.289345462692568,-6.224530806726425,0.004310344827586207
48,mae,test_mean_abs_change_pct,fine_tuning,fine_tuning,direct_transfer,3,232,39.58503196415356,0.33704723580462986,0.31940347484626697,-0.017643760958362877,-0.01476765614305195,-6.059268666873113,-4.610864258447911,0.008620689655172414
48,mae,test_mean_abs_change_pct,fine_tuning,fine_tuning,direct_transfer,4,232,137.51540675880167,0.37314574375168624,0.36230174830560213,-0.01084399544608413,-0.008046411037983939,-4.753385475662962,-2.428663377684454,0.06465517241379311
48,mae,test_mean_abs_change_pct,full_data,cer_scratch_full,cer_scratch_limited,1,233,6.5005249337291255,0.30144079983928146,0.3044208552769942,0.0029800554377127347,0.0039700154710964886,0.8493981525523157,1.3576496896957935,0.6094420600858369
48,mae,test_mean_abs_change_pct,full_data,cer_scratch_full,cer_scratch_limited,2,232,19.598732108118142,0.3154066033116457,0.3164299707409436,0.0010233674292979076,-0.0010133674072353993,-0.18656314186279047,-0.36173479101842543,0.45689655172413796
48,mae,test_mean_abs_change_pct,full_data,cer_scratch_full,cer_scratch_limited,3,232,39.58503196415356,0.3261165531985954,0.3299167760643932,0.0038002228657978143,-0.0004669203979401626,0.9352037462568523,-0.1538464068696907,0.4870689655172414
48,mae,test_mean_abs_change_pct,full_data,cer_scratch_full,cer_scratch_limited,4,232,137.51540675880167,0.36425282758848804,0.3896657921840775,0.02541296459558954,0.006699274501921589,4.377459594203301,2.358589374482711,0.6163793103448276
48,mae,test_mean_abs_change_pct,direct_vs_full,direct_transfer,cer_scratch_full,1,233,6.5005249337291255,0.3002313471912692,0.30144079983928146,0.001209452648012257,-6.422972533109972e-05,0.41475604257764837,-0.03864124186710899,0.49356223175965663
48,mae,test_mean_abs_change_pct,direct_vs_full,direct_transfer,cer_scratch_full,2,232,19.598732108118142,0.31035931300188246,0.3154066033116457,0.00504729030976321,0.005976772098400168,1.8058544417190232,2.1067184085705897,0.6896551724137931
48,mae,test_mean_abs_change_pct,direct_vs_full,direct_transfer,cer_scratch_full,3,232,39.58503196415356,0.31940347484626697,0.3261165531985954,0.006713078352328416,0.006913253117712792,2.078966054148934,2.6631267557060685,0.7543103448275862
48,mae,test_mean_abs_change_pct,direct_vs_full,direct_transfer,cer_scratch_full,4,232,137.51540675880167,0.36230174830560213,0.36425282758848804,0.0019510792828859016,0.0073507271796754425,0.1506167751915687,2.341138834916106,0.6810344827586207
48,mae,test_mean_abs_change_pct,fine_tuning_vs_limited,fine_tuning,cer_scratch_limited,1,233,6.5005249337291255,0.32607930685397374,0.3044208552769942,-0.021658451576979543,-0.022523619446789822,-7.183256703671256,-7.466619275041518,0.030042918454935622
48,mae,test_mean_abs_change_pct,fine_tuning_vs_limited,fine_tuning,cer_scratch_limited,2,232,19.598732108118142,0.3321219169414556,0.3164299707409436,-0.015691946200512036,-0.015072294407544928,-5.088457853175881,-5.043993629574594,0.11206896551724138
48,mae,test_mean_abs_change_pct,fine_tuning_vs_limited,fine_tuning,cer_scratch_limited,3,232,39.58503196415356,0.33704723580462986,0.3299167760643932,-0.007130459740236647,-0.006673644904192061,-2.3031364710086235,-2.6553337749522137,0.3103448275862069
48,mae,test_mean_abs_change_pct,fine_tuning_vs_limited,fine_tuning,cer_scratch_limited,4,232,137.51540675880167,0.37314574375168624,0.3896657921840775,0.016520048432391306,0.006041205772642333,3.0174746399267276,2.314312241148925,0.6767241379310345
48,mae,test_mean_abs_change_pct,full_vs_fine_tuning,cer_scratch_full,fine_tuning,1,233,6.5005249337291255,0.30144079983928146,0.32607930685397374,0.02463850701469228,0.023898411497098315,7.399630606761696,7.760471121580076,0.8884120171673819
48,mae,test_mean_abs_change_pct,full_vs_fine_tuning,cer_scratch_full,fine_tuning,2,232,19.598732108118142,0.3154066033116457,0.3321219169414556,0.016715313629809943,0.00999724780676961,4.520084030901324,3.4629709980278385,0.8146551724137931
48,mae,test_mean_abs_change_pct,full_vs_fine_tuning,cer_scratch_full,fine_tuning,3,232,39.58503196415356,0.3261165531985954,0.33704723580462986,0.01093068260603446,0.005793071671007913,3.0617623637692133,1.821311580438889,0.7198275862068966
48,mae,test_mean_abs_change_pct,full_vs_fine_tuning,cer_scratch_full,fine_tuning,4,232,137.51540675880167,0.36425282758848804,0.37314574375168624,0.008892916163198228,0.0017326414749355562,1.4403884102949052,0.6187483101973723,0.5474137931034483
48,mae,test_low_share_abs_change_pp,source_transfer,direct_transfer,cer_scratch_limited,1,233,0.3774889644805708,0.38644627336153625,0.4018936632558314,0.015447389894295132,0.008285639309127513,3.3965438412947098,2.244344819819971,0.8412017167381974
48,mae,test_low_share_abs_change_pp,source_transfer,direct_transfer,cer_scratch_limited,2,232,3.1579828658870066,0.32016179950812157,0.3285845601530789,0.00842276064495737,0.004951179553169857,2.596667877853523,1.9719276728150525,0.8146551724137931
48,mae,test_low_share_abs_change_pp,source_transfer,direct_transfer,cer_scratch_limited,3,232,8.19414557490423,0.3014619983532945,0.31175479544841866,0.010292797095124099,0.004671948968859613,3.137247850874546,1.6883236412164324,0.8189655172413793
48,mae,test_low_share_abs_change_pp,source_transfer,direct_transfer,cer_scratch_limited,4,232,24.74905530954693,0.2838541960609896,0.2977802339953777,0.013926037934388028,0.007342486367301393,5.0633481884359295,3.260585041154898,0.7974137931034483
48,mae,test_low_share_abs_change_pp,fine_tuning,fine_tuning,direct_transfer,1,233,0.3774889644805708,0.4059035924835535,0.38644627336153625,-0.019457319122017206,-0.01710137238042808,-5.430437784526118,-4.9576455956395185,0.030042918454935622
48,mae,test_low_share_abs_change_pp,fine_tuning,fine_tuning,direct_transfer,2,232,3.1579828658870066,0.33982847460582194,0.32016179950812157,-0.019666675097700384,-0.017227744087215557,-6.683417014946477,-5.998174086123954,0.004310344827586207
48,mae,test_low_share_abs_change_pp,fine_tuning,fine_tuning,direct_transfer,3,232,8.19414557490423,0.3198185539275667,0.3014619983532945,-0.018356555574272137,-0.01603648899796667,-6.572110532254208,-5.752721223953353,0.01293103448275862
48,mae,test_low_share_abs_change_pp,fine_tuning,fine_tuning,direct_transfer,4,232,24.74905530954693,0.3024995121381241,0.2838541960609896,-0.018645316077134485,-0.01394298112330647,-8.405749210798806,-5.661833970513267,0.03017241379310345
48,mae,test_low_share_abs_change_pp,full_data,cer_scratch_full,cer_scratch_limited,1,233,0.3774889644805708,0.3902241997135596,0.4018936632558314,0.01166946354227184,0.0023429869727538133,1.742557454387164,0.96328112390298,0.5836909871244635
48,mae,test_low_share_abs_change_pp,full_data,cer_scratch_full,cer_scratch_limited,2,232,3.1579828658870066,0.32659859299674227,0.3285845601530789,0.001985967156336606,0.0012660153689403597,-0.05320333468902275,0.27871187898679683,0.5258620689655172
48,mae,test_low_share_abs_change_pp,full_data,cer_scratch_full,cer_scratch_limited,3,232,8.19414557490423,0.30745529512262826,0.31175479544841866,0.004299500325790328,-6.438003866028608e-05,0.8513800429737848,-0.03204915245195176,0.4956896551724138
48,mae,test_low_share_abs_change_pp,full_data,cer_scratch_full,cer_scratch_limited,4,232,24.74905530954693,0.28255600903665673,0.2977802339953777,0.015224224958720944,0.002714836645344748,3.4309143639008792,0.9710236413252695,0.5646551724137931
48,mae,test_low_share_abs_change_pp,direct_vs_full,direct_transfer,cer_scratch_full,1,233,0.3774889644805708,0.38644627336153625,0.3902241997135596,0.0037779263520232895,0.006105600804699407,1.3477757981045932,1.6213674061965804,0.6695278969957081
48,mae,test_low_share_abs_change_pp,direct_vs_full,direct_transfer,cer_scratch_full,2,232,3.1579828658870066,0.32016179950812157,0.32659859299674227,0.0064367934886207625,0.004260098702885656,2.275583803104835,1.9046741870520618,0.6594827586206896
48,mae,test_low_share_abs_change_pp,direct_vs_full,direct_transfer,cer_scratch_full,3,232,8.19414557490423,0.3014619983532945,0.30745529512262826,0.005993296769333772,0.0051428451194218475,1.7249867639561764,1.961275000791142,0.6767241379310345
48,mae,test_low_share_abs_change_pp,direct_vs_full,direct_transfer,cer_scratch_full,4,232,24.74905530954693,0.2838541960609896,0.28255600903665673,-0.0012981870243329151,0.005155674812502106,-0.9021746884057021,2.030391491658798,0.6120689655172413
48,mae,test_low_share_abs_change_pp,fine_tuning_vs_limited,fine_tuning,cer_scratch_limited,1,233,0.3774889644805708,0.4059035924835535,0.4018936632558314,-0.004009929227722074,-0.007821151083292843,-1.8888920911742282,-2.5979992370702205,0.3090128755364807
48,mae,test_low_share_abs_change_pp,fine_tuning_vs_limited,fine_tuning,cer_scratch_limited,2,232,3.1579828658870066,0.33982847460582194,0.3285845601530789,-0.011243914452743014,-0.012398359365115658,-3.919660421020998,-4.643952462743951,0.20689655172413793
48,mae,test_low_share_abs_change_pp,fine_tuning_vs_limited,fine_tuning,cer_scratch_limited,3,232,8.19414557490423,0.3198185539275667,0.31175479544841866,-0.008063758479148034,-0.01080839445918326,-3.234640864445033,-4.173690654659687,0.25
48,mae,test_low_share_abs_change_pp,fine_tuning_vs_limited,fine_tuning,cer_scratch_limited,4,232,24.74905530954693,0.3024995121381241,0.2977802339953777,-0.0047192781427464565,-0.008169364116381542,-2.5370035484116045,-3.4162955090912592,0.3620689655172414
48,mae,test_low_share_abs_change_pp,full_vs_fine_tuning,cer_scratch_full,fine_tuning,1,233,0.3774889644805708,0.3902241997135596,0.4059035924835535,0.015679392769993913,0.011196303270953778,3.4298767402242447,2.5974867217076465,0.759656652360515
48,mae,test_low_share_abs_change_pp,full_vs_fine_tuning,cer_scratch_full,fine_tuning,2,232,3.1579828658870066,0.32659859299674227,0.33982847460582194,0.01322988160907962,0.009725142481724763,3.6059623957880684,3.149553075021527,0.7629310344827587
48,mae,test_low_share_abs_change_pp,full_vs_fine_tuning,cer_scratch_full,fine_tuning,3,232,8.19414557490423,0.30745529512262826,0.3198185539275667,0.012363258804938363,0.008736732446061546,3.7261213342272215,2.6533667218268953,0.7241379310344828
48,mae,test_low_share_abs_change_pp,full_vs_fine_tuning,cer_scratch_full,fine_tuning,4,232,24.74905530954693,0.28255600903665673,0.3024995121381241,0.019943503101467395,0.009096110641824792,5.677015949533022,3.5885201490095877,0.7241379310344828
48,mae,test_high_share_abs_change_pp,source_transfer,direct_transfer,cer_scratch_limited,1,233,0.5815469077633973,0.2148909115380597,0.2192857609454488,0.004394849407389093,0.003056262410102692,2.8037460243331327,1.450378938889792,0.8154506437768241
48,mae,test_high_share_abs_change_pp,source_transfer,direct_transfer,cer_scratch_limited,2,232,2.591100036982731,0.27328243671001806,0.27871392328360167,0.005431486573583671,0.003412875489517811,2.5698265064632824,1.2425841724651518,0.7413793103448276
48,mae,test_high_share_abs_change_pp,source_transfer,direct_transfer,cer_scratch_limited,3,232,6.365238057898254,0.3432761806088109,0.3507416053972439,0.007465424788433033,0.0054937089953007445,2.6540365761873685,1.7155687880956583,0.771551724137931
48,mae,test_high_share_abs_change_pp,source_transfer,direct_transfer,cer_scratch_limited,4,232,16.735212579699752,0.4612142011935339,0.4920590662536122,0.030844865060078254,0.02059666376798891,6.168753814479068,4.636962236042505,0.9439655172413793
48,mae,test_high_share_abs_change_pp,fine_tuning,fine_tuning,direct_transfer,1,233,0.5815469077633973,0.23334785252816995,0.2148909115380597,-0.018456940990110225,-0.0173771392886225,-8.610089803918948,-8.355800248949526,0.012875536480686695
48,mae,test_high_share_abs_change_pp,fine_tuning,fine_tuning,direct_transfer,2,232,2.591100036982731,0.295054172025767,0.27328243671001806,-0.021771735315748986,-0.020145723942343582,-8.434737331343523,-7.031573566340148,0.004310344827586207
48,mae,test_high_share_abs_change_pp,fine_tuning,fine_tuning,direct_transfer,3,232,6.365238057898254,0.3634963832068046,0.3432761806088109,-0.020220202597993744,-0.01680860585488174,-6.24757737791177,-4.8201818351899295,0.01293103448275862
48,mae,test_high_share_abs_change_pp,fine_tuning,fine_tuning,direct_transfer,4,232,16.735212579699752,0.4768955001355117,0.4612142011935339,-0.015681298941977753,-0.012059216107674353,-3.7856046327160553,-2.873080017269138,0.04741379310344827
48,mae,test_high_share_abs_change_pp,full_data,cer_scratch_full,cer_scratch_limited,1,233,0.5815469077633973,0.21768507495250652,0.2192857609454488,0.0016006859929422745,0.0013466050585189127,0.34327767951262433,0.6715448673037331,0.5579399141630901
48,mae,test_high_share_abs_change_pp,full_data,cer_scratch_full,cer_scratch_limited,2,232,2.591100036982731,0.2784928109607036,0.27871392328360167,0.00022111232289811925,-0.0001022437810188348,-0.3681776600582504,-0.019290573350598365,0.5
48,mae,test_high_share_abs_change_pp,full_data,cer_scratch_full,cer_scratch_limited,3,232,6.365238057898254,0.35060750250367334,0.3507416053972439,0.00013410289357051013,-0.004428724175072604,0.33004053659696075,-1.2069288651781225,0.38362068965517243
48,mae,test_high_share_abs_change_pp,full_data,cer_scratch_full,cer_scratch_limited,4,232,16.735212579699752,0.46079241157667344,0.4920590662536122,0.031266654676938684,0.01598094341945011,5.672539348861447,3.9445550148982313,0.728448275862069
48,mae,test_high_share_abs_change_pp,direct_vs_full,direct_transfer,cer_scratch_full,1,233,0.5815469077633973,0.2148909115380597,0.21768507495250652,0.0027941634144468194,0.0023384960019098983,1.3903649221055763,1.3857608113642133,0.6008583690987125
48,mae,test_high_share_abs_change_pp,direct_vs_full,direct_transfer,cer_scratch_full,2,232,2.591100036982731,0.27328243671001806,0.2784928109607036,0.0052103742506855516,0.004871868912381491,1.744065818816917,2.125854140249624,0.646551724137931
48,mae,test_high_share_abs_change_pp,direct_vs_full,direct_transfer,cer_scratch_full,3,232,6.365238057898254,0.3432761806088109,0.35060750250367334,0.007331321894862523,0.009024989993330484,1.6415043956025346,2.66648133284676,0.7413793103448276
48,mae,test_high_share_abs_change_pp,direct_vs_full,direct_transfer,cer_scratch_full,4,232,16.735212579699752,0.4612142011935339,0.46079241157667344,-0.00042178961686043057,0.00503518198097852,-0.32994703357547384,1.105269184120389,0.6293103448275862
48,mae,test_high_share_abs_change_pp,fine_tuning_vs_limited,fine_tuning,cer_scratch_limited,1,233,0.5815469077633973,0.23334785252816995,0.2192857609454488,-0.01406209158272113,-0.01382297720375969,-5.486596746384122,-6.76136449314158,0.15450643776824036
48,mae,test_high_share_abs_change_pp,fine_tuning_vs_limited,fine_tuning,cer_scratch_limited,2,232,2.591100036982731,0.295054172025767,0.27871392328360167,-0.016340248742165317,-0.016292984517802644,-5.472412680714181,-6.252022598344121,0.13793103448275862
48,mae,test_high_share_abs_change_pp,fine_tuning_vs_limited,fine_tuning,cer_scratch_limited,3,232,6.365238057898254,0.3634963832068046,0.3507416053972439,-0.01275477780956071,-0.013240337926883922,-3.3096164776223795,-3.6244779013140085,0.1939655172413793
48,mae,test_high_share_abs_change_pp,fine_tuning_vs_limited,fine_tuning,cer_scratch_limited,4,232,16.735212579699752,0.4768955001355117,0.4920590662536122,0.015163566118100501,0.00722270449454418,2.7039363273205854,1.7615330195031214,0.6422413793103449
48,mae,test_high_share_abs_change_pp,full_vs_fine_tuning,cer_scratch_full,fine_tuning,1,233,0.5815469077633973,0.21768507495250652,0.23334785252816995,0.0156627775756634,0.013283068977630402,5.48703421484646,5.8972751630410505,0.8197424892703863
48,mae,test_high_share_abs_change_pp,full_vs_fine_tuning,cer_scratch_full,fine_tuning,2,232,2.591100036982731,0.2784928109607036,0.295054172025767,0.016561361065063434,0.011627855419642306,4.672956362355537,4.359428168840802,0.7629310344827587
48,mae,test_high_share_abs_change_pp,full_vs_fine_tuning,cer_scratch_full,fine_tuning,3,232,6.365238057898254,0.35060750250367334,0.3634963832068046,0.012888880703131218,0.006523814929534355,3.2973786251745105,1.6741566271477852,0.7025862068965517
48,mae,test_high_share_abs_change_pp,full_vs_fine_tuning,cer_scratch_full,fine_tuning,4,232,16.735212579699752,0.46079241157667344,0.4768955001355117,0.016103088558838186,0.007940882882312095,2.9727401593157814,1.7328379145246484,0.6853448275862069
48,rmse,test_z_clock_rmse,source_transfer,direct_transfer,cer_scratch_limited,1,233,0.4468995900958787,0.5919450755631759,0.6197671470878606,0.027822071524684695,0.017888976663718803,4.053587995519347,2.859059649557908,0.9570815450643777
48,rmse,test_z_clock_rmse,source_transfer,direct_transfer,cer_scratch_limited,2,232,0.6005975405813245,0.5404479312581044,0.560840632542356,0.020392701284251573,0.013109992315255364,3.6777090042182707,2.769830846667153,0.9612068965517241
48,rmse,test_z_clock_rmse,source_transfer,direct_transfer,cer_scratch_limited,3,232,0.7448170201841541,0.5329780041371719,0.5573986819837319,0.024420677846559904,0.013825563590613321,3.8310596144208544,3.0120929659931774,0.9482758620689655
48,rmse,test_z_clock_rmse,source_transfer,direct_transfer,cer_scratch_limited,4,232,1.05513645174447,0.5062288599466007,0.5312239315584999,0.024995071611899188,0.012938605832525707,4.766827948944469,2.8675471346484747,0.9612068965517241
48,rmse,test_z_clock_rmse,fine_tuning,fine_tuning,direct_transfer,1,233,0.4468995900958787,0.5927426614376569,0.5919450755631759,-0.0007975858744810132,0.0003610436906228004,-0.2217134414943755,0.05697144360056858,0.5321888412017167
48,rmse,test_z_clock_rmse,fine_tuning,fine_tuning,direct_transfer,2,232,0.6005975405813245,0.5416962412310246,0.5404479312581044,-0.0012483099729201038,-0.00015418432645430968,-0.47156247826365694,-0.030811641845887652,0.4827586206896552
48,rmse,test_z_clock_rmse,fine_tuning,fine_tuning,direct_transfer,3,232,0.7448170201841541,0.5334325039268966,0.5329780041371719,-0.0004544997897246006,-1.688061210769476e-05,-0.2361115386568567,-0.0033889436350047156,0.5
48,rmse,test_z_clock_rmse,fine_tuning,fine_tuning,direct_transfer,4,232,1.05513645174447,0.5110834392351665,0.5062288599466007,-0.004854579288565867,-0.0011892674556397975,-2.176747118143668,-0.2715435330360685,0.41379310344827586
48,rmse,test_z_clock_rmse,full_data,cer_scratch_full,cer_scratch_limited,1,233,0.4468995900958787,0.5794675727355529,0.6197671470878606,0.040299574352307514,0.02375347820480389,5.779968411207606,4.288945328354499,0.9527896995708155
48,rmse,test_z_clock_rmse,full_data,cer_scratch_full,cer_scratch_limited,2,232,0.6005975405813245,0.5300130964792452,0.560840632542356,0.03082753606311081,0.01917632454444898,5.3296731146146055,3.7115140056446436,0.9612068965517241
48,rmse,test_z_clock_rmse,full_data,cer_scratch_full,cer_scratch_limited,3,232,0.7448170201841541,0.5201364873212194,0.5573986819837319,0.03726219466251241,0.020910787021519744,5.66077304275557,4.248059732034436,0.9267241379310345
48,rmse,test_z_clock_rmse,full_data,cer_scratch_full,cer_scratch_limited,4,232,1.05513645174447,0.4771159307470118,0.5312239315584999,0.054108000811488116,0.02103331766844739,7.182038263385025,4.846063034461258,0.9051724137931034
48,rmse,test_z_clock_rmse,direct_vs_full,direct_transfer,cer_scratch_full,1,233,0.4468995900958787,0.5919450755631759,0.5794675727355529,-0.012477502827622815,-0.006423427927169101,-1.956422420048522,-1.3122384988186646,0.1459227467811159
48,rmse,test_z_clock_rmse,direct_vs_full,direct_transfer,cer_scratch_full,2,232,0.6005975405813245,0.5404479312581044,0.5300130964792452,-0.010434834778859235,-0.00622968086666989,-1.871444501216291,-1.176835070049176,0.16379310344827586
48,rmse,test_z_clock_rmse,direct_vs_full,direct_transfer,cer_scratch_full,3,232,0.7448170201841541,0.5329780041371719,0.5201364873212194,-0.012841516815952511,-0.006159580483744376,-2.1100784742098,-1.2873754612969328,0.16810344827586207
48,rmse,test_z_clock_rmse,direct_vs_full,direct_transfer,cer_scratch_full,4,232,1.05513645174447,0.5062288599466007,0.4771159307470118,-0.029112929199588924,-0.007030834798225416,-4.335020002750179,-1.4783365368005845,0.22844827586206898
48,rmse,test_z_clock_rmse,fine_tuning_vs_limited,fine_tuning,cer_scratch_limited,1,233,0.4468995900958787,0.5927426614376569,0.6197671470878606,0.027024485650203683,0.01744699381301207,3.840844920843023,2.9407119481854465,0.8884120171673819
48,rmse,test_z_clock_rmse,fine_tuning_vs_limited,fine_tuning,cer_scratch_limited,2,232,0.6005975405813245,0.5416962412310246,0.560840632542356,0.019144391311331468,0.012162863511851973,3.2454331103721326,2.334125953995115,0.9094827586206896
48,rmse,test_z_clock_rmse,fine_tuning_vs_limited,fine_tuning,cer_scratch_limited,3,232,0.7448170201841541,0.5334325039268966,0.5573986819837319,0.023966178056835298,0.014965552987806802,3.601744472313382,3.0130447842507655,0.8448275862068966
48,rmse,test_z_clock_rmse,fine_tuning_vs_limited,fine_tuning,cer_scratch_limited,4,232,1.05513645174447,0.5110834392351665,0.5312239315584999,0.02014049232333332,0.008176019686644609,2.95356708967823,1.7692218397811887,0.7672413793103449
48,rmse,test_z_clock_rmse,full_vs_fine_tuning,cer_scratch_full,fine_tuning,1,233,0.4468995900958787,0.5794675727355529,0.5927426614376569,0.013275088702103827,0.008183456151108937,2.062699706634392,1.5602370405540649,0.871244635193133
48,rmse,test_z_clock_rmse,full_vs_fine_tuning,cer_scratch_full,fine_tuning,2,232,0.6005975405813245,0.5300130964792452,0.5416962412310246,0.01168314475177934,0.00651884819798898,2.158143572571016,1.2253936069425024,0.8491379310344828
48,rmse,test_z_clock_rmse,full_vs_fine_tuning,cer_scratch_full,fine_tuning,3,232,0.7448170201841541,0.5201364873212194,0.5334325039268966,0.01329601660567711,0.006416795958852556,2.1779735745846587,1.4026346463163404,0.853448275862069
48,rmse,test_z_clock_rmse,full_vs_fine_tuning,cer_scratch_full,fine_tuning,4,232,1.05513645174447,0.4771159307470118,0.5110834392351665,0.033967508488154795,0.009292114560921327,4.47100382670499,2.1419692760639997,0.8448275862068966
48,rmse,test_mean_abs_change_pct,source_transfer,direct_transfer,cer_scratch_limited,1,233,6.5005249337291255,0.4872984052591835,0.49617601352370494,0.00887760826452148,0.007092990849964176,1.8107235949390166,1.6103960982961427,0.9012875536480687
48,rmse,test_mean_abs_change_pct,source_transfer,direct_transfer,cer_scratch_limited,2,232,19.598732108118142,0.5125286655599675,0.526653618018365,0.01412495245839751,0.009531766493477617,2.6651137421904183,2.004940315403584,0.9568965517241379
48,rmse,test_mean_abs_change_pct,source_transfer,direct_transfer,cer_scratch_limited,3,232,39.58503196415356,0.5404590262827236,0.5651882067292908,0.02472918044656705,0.018417005677614978,4.368829377272095,3.548340786527219,0.9741379310344828
48,rmse,test_mean_abs_change_pct,source_transfer,direct_transfer,cer_scratch_limited,4,232,137.51540675880167,0.6317648370372473,0.6817452753043812,0.04998043826713417,0.03604346226734051,7.49418536766943,6.150870429340559,0.9956896551724138
48,rmse,test_mean_abs_change_pct,fine_tuning,fine_tuning,direct_transfer,1,233,6.5005249337291255,0.49184349510923053,0.4872984052591835,-0.004545089850047026,-0.0036111024216167187,-1.0435649964339087,-0.7940677584692192,0.12875536480686695
48,rmse,test_mean_abs_change_pct,fine_tuning,fine_tuning,direct_transfer,2,232,19.598732108118142,0.5147661111213306,0.5125286655599675,-0.0022374455613632,-0.0004132498149108793,-0.5024892895441296,-0.11314302164459616,0.4224137931034483
48,rmse,test_mean_abs_change_pct,fine_tuning,fine_tuning,direct_transfer,3,232,39.58503196415356,0.5406486042037245,0.5404590262827236,-0.00018957792100080285,0.0019535035123710853,-0.28293197298913775,0.3972045864483279,0.7068965517241379
48,rmse,test_mean_abs_change_pct,fine_tuning,fine_tuning,direct_transfer,4,232,137.51540675880167,0.6321315455961504,0.6317648370372473,-0.00036670855890311567,0.0017404555028549817,-1.2736058539925044,0.3146193641774807,0.6724137931034483
48,rmse,test_mean_abs_change_pct,full_data,cer_scratch_full,cer_scratch_limited,1,233,6.5005249337291255,0.48545696668226634,0.49617601352370494,0.010719046841438698,0.008737609016501668,2.083843955517177,1.8164636292533731,0.8841201716738197
48,rmse,test_mean_abs_change_pct,full_data,cer_scratch_full,cer_scratch_limited,2,232,19.598732108118142,0.507387975112222,0.526653618018365,0.019265642906142945,0.01586565340187819,3.532404070477573,3.0915179339092167,0.9181034482758621
48,rmse,test_mean_abs_change_pct,full_data,cer_scratch_full,cer_scratch_limited,3,232,39.58503196415356,0.529792203383774,0.5651882067292908,0.03539600334551684,0.02787117321845506,6.084962915681374,5.4712227554608015,0.9568965517241379
48,rmse,test_mean_abs_change_pct,full_data,cer_scratch_full,cer_scratch_limited,4,232,137.51540675880167,0.5845011602343072,0.6817452753043812,0.0972441150700741,0.06879349399379758,12.267173461216384,11.83013411354678,0.9870689655172413
48,rmse,test_mean_abs_change_pct,direct_vs_full,direct_transfer,cer_scratch_full,1,233,6.5005249337291255,0.4872984052591835,0.48545696668226634,-0.0018414385769172184,-0.0021556668358970743,-0.3045690552481311,-0.49649080505828874,0.296137339055794
48,rmse,test_mean_abs_change_pct,direct_vs_full,direct_transfer,cer_scratch_full,2,232,19.598732108118142,0.5125286655599675,0.507387975112222,-0.005140690447745437,-0.004052074415333284,-0.9368259900945355,-0.8765872345305671,0.23706896551724138
48,rmse,test_mean_abs_change_pct,direct_vs_full,direct_transfer,cer_scratch_full,3,232,39.58503196415356,0.5404590262827236,0.529792203383774,-0.010666822898949798,-0.008497653058741256,-1.907152460784654,-1.7045732760014278,0.12931034482758622
48,rmse,test_mean_abs_change_pct,direct_vs_full,direct_transfer,cer_scratch_full,4,232,137.51540675880167,0.6317648370372473,0.5845011602343072,-0.04726367680293995,-0.024412429758946613,-7.131537949704371,-4.803439263570823,0.04310344827586207
48,rmse,test_mean_abs_change_pct,fine_tuning_vs_limited,fine_tuning,cer_scratch_limited,1,233,6.5005249337291255,0.49184349510923053,0.49617601352370494,0.0043325184144744535,0.003444794166451104,0.7913094661505904,0.7289685161452494,0.6952789699570815
48,rmse,test_mean_abs_change_pct,fine_tuning_vs_limited,fine_tuning,cer_scratch_limited,2,232,19.598732108118142,0.5147661111213306,0.526653618018365,0.01188750689703431,0.009010355437484435,2.1799846765272846,1.9254932656328334,0.8577586206896551
48,rmse,test_mean_abs_change_pct,fine_tuning_vs_limited,fine_tuning,cer_scratch_limited,3,232,39.58503196415356,0.5406486042037245,0.5651882067292908,0.024539602525566244,0.01922847415861259,4.117823963187209,3.812690828111826,0.9051724137931034
48,rmse,test_mean_abs_change_pct,fine_tuning_vs_limited,fine_tuning,cer_scratch_limited,4,232,137.51540675880167,0.6321315455961504,0.6817452753043812,0.04961372970823105,0.03652084265229705,6.565616036715358,6.041984079409323,0.9525862068965517
48,rmse,test_mean_abs_change_pct,full_vs_fine_tuning,cer_scratch_full,fine_tuning,1,233,6.5005249337291255,0.48545696668226634,0.49184349510923053,0.006386528426964245,0.005960196307882415,1.2933633168626422,1.275775562597366,0.8369098712446352
48,rmse,test_mean_abs_change_pct,full_vs_fine_tuning,cer_scratch_full,fine_tuning,2,232,19.598732108118142,0.507387975112222,0.5147661111213306,0.007378136009108637,0.004851168692300123,1.3665036590849253,1.027383511500929,0.8189655172413793
48,rmse,test_mean_abs_change_pct,full_vs_fine_tuning,cer_scratch_full,fine_tuning,3,232,39.58503196415356,0.529792203383774,0.5406486042037245,0.010856400819950597,0.007202102686721959,2.057362227401179,1.370714904338385,0.8275862068965517
48,rmse,test_mean_abs_change_pct,full_vs_fine_tuning,cer_scratch_full,fine_tuning,4,232,137.51540675880167,0.5845011602343072,0.6321315455961504,0.04763038536184306,0.021521122362594736,6.155907582274637,4.23167738915614,0.9353448275862069
48,rmse,test_low_share_abs_change_pp,source_transfer,direct_transfer,cer_scratch_limited,1,233,0.3774889644805708,0.6326079327294172,0.6655366956718851,0.0329287629424679,0.019616900197870213,4.401683066983655,3.3649638961731254,0.9613733905579399
48,rmse,test_low_share_abs_change_pp,source_transfer,direct_transfer,cer_scratch_limited,2,232,3.1579828658870066,0.5356207304207992,0.5558941235769236,0.020273393156124444,0.014074838334626083,3.4350613775151655,2.8099415609188707,0.9482758620689655
48,rmse,test_low_share_abs_change_pp,source_transfer,direct_transfer,cer_scratch_limited,3,232,8.19414557490423,0.5117767944815355,0.5336040136769717,0.02182721919543629,0.011800879889802773,3.7039609072821995,2.4529054181964325,0.9612068965517241
48,rmse,test_low_share_abs_change_pp,source_transfer,direct_transfer,cer_scratch_limited,4,232,24.74905530954693,0.4914191423372398,0.5139982777096679,0.02257913537242801,0.012695773134301636,4.786978801531126,2.797480296931543,0.9568965517241379
48,rmse,test_low_share_abs_change_pp,fine_tuning,fine_tuning,direct_transfer,1,233,0.3774889644805708,0.6337670310025464,0.6326079327294172,-0.0011590982731292576,0.00020884241340130005,-0.2784085974679904,0.03826347725647561,0.5236051502145923
48,rmse,test_low_share_abs_change_pp,fine_tuning,fine_tuning,direct_transfer,2,232,3.1579828658870066,0.5369471055468309,0.5356207304207992,-0.0013263751260316743,-0.00047376384038111397,-0.43349389856983517,-0.11314302164459616,0.4267241379310345
48,rmse,test_low_share_abs_change_pp,fine_tuning,fine_tuning,direct_transfer,3,232,8.19414557490423,0.5129632235278181,0.5117767944815355,-0.0011864290462827542,0.00011329513354634696,-0.4207622980298535,0.039348665625905624,0.5172413793103449
48,rmse,test_low_share_abs_change_pp,fine_tuning,fine_tuning,direct_transfer,4,232,24.74905530954693,0.4951006565743901,0.4914191423372398,-0.003681514237150277,-0.00034888025309542936,-1.9732254068185784,-0.12006376823905408,0.46120689655172414
48,rmse,test_low_share_abs_change_pp,full_data,cer_scratch_full,cer_scratch_limited,1,233,0.3774889644805708,0.6142065964100437,0.6655366956718851,0.051330099261841275,0.02856195884656687,6.639279036055412,5.169913553992899,0.9613733905579399
48,rmse,test_low_share_abs_change_pp,full_data,cer_scratch_full,cer_scratch_limited,2,232,3.1579828658870066,0.5263740658364638,0.5558941235769236,0.029520057740459776,0.018495027374646228,4.665762167564502,3.764984872565167,0.9181034482758621
48,rmse,test_low_share_abs_change_pp,full_data,cer_scratch_full,cer_scratch_limited,3,232,8.19414557490423,0.5000366391369131,0.5336040136769717,0.033567374540058606,0.01688483270683707,5.677609971930596,3.92413808597403,0.9353448275862069
48,rmse,test_low_share_abs_change_pp,full_data,cer_scratch_full,cer_scratch_limited,4,232,24.74905530954693,0.465966048728598,0.5139982777096679,0.048032228981069826,0.0200403112254732,6.966097731305193,4.59268686879731,0.9310344827586207
48,rmse,test_low_share_abs_change_pp,direct_vs_full,direct_transfer,cer_scratch_full,1,233,0.3774889644805708,0.6326079327294172,0.6142065964100437,-0.018401336319373372,-0.009017177340758131,-2.617951168692071,-1.5305091611559924,0.14163090128755365
48,rmse,test_low_share_abs_change_pp,direct_vs_full,direct_transfer,cer_scratch_full,2,232,3.1579828658870066,0.5356207304207992,0.5263740658364638,-0.00924666458433533,-0.0053825505349643366,-1.4245058828962516,-0.9505378691249013,0.21551724137931033
48,rmse,test_low_share_abs_change_pp,direct_vs_full,direct_transfer,cer_scratch_full,3,232,8.19414557490423,0.5117767944815355,0.5000366391369131,-0.011740155344622315,-0.005643874509410257,-2.272513648208704,-1.1840236496664143,0.1853448275862069
48,rmse,test_low_share_abs_change_pp,direct_vs_full,direct_transfer,cer_scratch_full,4,232,24.74905530954693,0.4914191423372398,0.465966048728598,-0.02545309360864182,-0.007023622497350862,-3.955143281407751,-1.6583448837936734,0.16379310344827586
48,rmse,test_low_share_abs_change_pp,fine_tuning_vs_limited,fine_tuning,cer_scratch_limited,1,233,0.3774889644805708,0.6337670310025464,0.6655366956718851,0.03176966466933864,0.018258652193476665,4.134625155363126,3.505888970647288,0.8969957081545065
48,rmse,test_low_share_abs_change_pp,fine_tuning_vs_limited,fine_tuning,cer_scratch_limited,2,232,3.1579828658870066,0.5369471055468309,0.5558941235769236,0.018947018030092768,0.012016404298531957,3.0189436534080776,2.264985879271374,0.8620689655172413
48,rmse,test_low_share_abs_change_pp,fine_tuning_vs_limited,fine_tuning,cer_scratch_limited,3,232,8.19414557490423,0.5129632235278181,0.5336040136769717,0.020640790149153536,0.01161718706726314,3.3066868834117775,2.386538356808834,0.8491379310344828
48,rmse,test_low_share_abs_change_pp,fine_tuning_vs_limited,fine_tuning,cer_scratch_limited,4,232,24.74905530954693,0.4951006565743901,0.5139982777096679,0.01889762113527773,0.009548633240679866,3.1800676069094753,2.0463265568448556,0.8017241379310345
48,rmse,test_low_share_abs_change_pp,full_vs_fine_tuning,cer_scratch_full,fine_tuning,1,233,0.3774889644805708,0.6142065964100437,0.6337670310025464,0.01956043459250263,0.010191655797037402,2.652225090775462,1.683696921185201,0.8798283261802575
48,rmse,test_low_share_abs_change_pp,full_vs_fine_tuning,cer_scratch_full,fine_tuning,2,232,3.1579828658870066,0.5263740658364638,0.5369471055468309,0.010573039710367004,0.005960277855302232,1.7342157639732092,1.2147042149786063,0.8405172413793104
48,rmse,test_low_share_abs_change_pp,full_vs_fine_tuning,cer_scratch_full,fine_tuning,3,232,8.19414557490423,0.5000366391369131,0.5129632235278181,0.012926584390905068,0.007028125800893709,2.4787557075747526,1.506538952646168,0.8491379310344828
48,rmse,test_low_share_abs_change_pp,full_vs_fine_tuning,cer_scratch_full,fine_tuning,4,232,24.74905530954693,0.465966048728598,0.4951006565743901,0.0291346078457921,0.00852015533888728,4.002083060481371,1.9179876763384682,0.8491379310344828
48,rmse,test_high_share_abs_change_pp,source_transfer,direct_transfer,cer_scratch_limited,1,233,0.5815469077633973,0.3699366060925824,0.3777715066168122,0.007834900524229764,0.006011874172397319,2.671874755432213,1.709029036204923,0.927038626609442
48,rmse,test_high_share_abs_change_pp,source_transfer,direct_transfer,cer_scratch_limited,2,232,2.591100036982731,0.4701109399415577,0.4825119969536746,0.012401057012116787,0.009721368657839652,2.914290733868611,1.991486453734898,0.9310344827586207
48,rmse,test_high_share_abs_change_pp,source_transfer,direct_transfer,cer_scratch_limited,3,232,6.365238057898254,0.5736818026288337,0.5931029470477256,0.019421144418891683,0.017502328583196974,3.6397364719678817,2.863407109482902,0.978448275862069
48,rmse,test_high_share_abs_change_pp,source_transfer,direct_transfer,cer_scratch_limited,4,232,16.735212579699752,0.7588274553001417,0.8168870272114388,0.058059571911297014,0.04474379914036131,7.109238262351853,6.191233169764336,0.9913793103448276
48,rmse,test_high_share_abs_change_pp,fine_tuning,fine_tuning,direct_transfer,1,233,0.5815469077633973,0.37279313335999836,0.3699366060925824,-0.0028565272674159307,-0.00224552606342332,-1.1358549475086117,-0.6193873312516175,0.21888412017167383
48,rmse,test_high_share_abs_change_pp,fine_tuning,fine_tuning,direct_transfer,2,232,2.591100036982731,0.4732085708567463,0.4701109399415577,-0.003097630915188503,-0.0009428556330270954,-1.0954046387340757,-0.22935473636907244,0.41810344827586204
48,rmse,test_high_share_abs_change_pp,fine_tuning,fine_tuning,direct_transfer,3,232,6.365238057898254,0.574713177119339,0.5736818026288337,-0.0010313744905052391,0.0018811288358056566,-0.5475016409408164,0.32818798119451087,0.6379310344827587
48,rmse,test_high_share_abs_change_pp,fine_tuning,fine_tuning,direct_transfer,4,232,16.735212579699752,0.7591880228053403,0.7588274553001417,-0.0003605675051985717,0.002306902039975689,-0.3234330842629236,0.3348363434074237,0.6551724137931034
48,rmse,test_high_share_abs_change_pp,full_data,cer_scratch_full,cer_scratch_limited,1,233,0.5815469077633973,0.3679653642331028,0.3777715066168122,0.009806142383709446,0.007205036264900905,2.9136684401445057,1.9706784392354673,0.8626609442060086
48,rmse,test_high_share_abs_change_pp,full_data,cer_scratch_full,cer_scratch_limited,2,232,2.591100036982731,0.4665831315089214,0.4825119969536746,0.015928865444753214,0.013951659919177906,3.19320639512967,2.936412952845375,0.9224137931034483
48,rmse,test_high_share_abs_change_pp,full_data,cer_scratch_full,cer_scratch_limited,3,232,6.365238057898254,0.5618294599943161,0.5931029470477256,0.03127348705340936,0.027985390713950536,5.769183803822641,4.740295217995757,0.9612068965517241
48,rmse,test_high_share_abs_change_pp,full_data,cer_scratch_full,cer_scratch_limited,4,232,16.735212579699752,0.7112667789971308,0.8168870272114388,0.10562024821430802,0.077771984797675,12.08874893412057,10.94251750869978,1.0
48,rmse,test_high_share_abs_change_pp,direct_vs_full,direct_transfer,cer_scratch_full,1,233,0.5815469077633973,0.3699366060925824,0.3679653642331028,-0.001971241859479682,-0.0016381871581383212,-0.8617441533084645,-0.4467473865009639,0.351931330472103
48,rmse,test_high_share_abs_change_pp,direct_vs_full,direct_transfer,cer_scratch_full,2,232,2.591100036982731,0.4701109399415577,0.4665831315089214,-0.003527808432636426,-0.003890989328797667,-0.7264929818719853,-0.8528947601410994,0.21120689655172414
48,rmse,test_high_share_abs_change_pp,direct_vs_full,direct_transfer,cer_scratch_full,3,232,6.365238057898254,0.5736818026288337,0.5618294599943161,-0.011852342634517687,-0.00969550894842397,-2.459716983123481,-1.7073939798967472,0.10775862068965517
48,rmse,test_high_share_abs_change_pp,direct_vs_full,direct_transfer,cer_scratch_full,4,232,16.735212579699752,0.7588274553001417,0.7112667789971308,-0.047560676303011,-0.02478612581652584,-6.229729720725775,-3.839310749380298,0.034482758620689655
48,rmse,test_high_share_abs_change_pp,fine_tuning_vs_limited,fine_tuning,cer_scratch_limited,1,233,0.5815469077633973,0.37279313335999836,0.3777715066168122,0.004978373256813832,0.0035668212620506012,1.6738159882597732,1.1462978865135214,0.7725321888412017
48,rmse,test_high_share_abs_change_pp,fine_tuning_vs_limited,fine_tuning,cer_scratch_limited,2,232,2.591100036982731,0.4732085708567463,0.4825119969536746,0.009303426096928285,0.007547496898407419,1.9516187186748197,1.67766135515663,0.7931034482758621
48,rmse,test_high_share_abs_change_pp,fine_tuning_vs_limited,fine_tuning,cer_scratch_limited,3,232,6.365238057898254,0.574713177119339,0.5931029470477256,0.01838976992838644,0.018163600401445018,3.162440419176638,3.042852058546429,0.8836206896551724
48,rmse,test_high_share_abs_change_pp,fine_tuning_vs_limited,fine_tuning,cer_scratch_limited,4,232,16.735212579699752,0.7591880228053403,0.8168870272114388,0.05769900440609845,0.04670224827273575,6.863055109046326,6.347214347029384,0.9612068965517241
48,rmse,test_high_share_abs_change_pp,full_vs_fine_tuning,cer_scratch_full,fine_tuning,1,233,0.5815469077633973,0.3679653642331028,0.37279313335999836,0.004827769126895613,0.0033448047724942143,1.3306378983189684,1.0677602284013852,0.7811158798283262
48,rmse,test_high_share_abs_change_pp,full_vs_fine_tuning,cer_scratch_full,fine_tuning,2,232,2.591100036982731,0.4665831315089214,0.4732085708567463,0.006625439347824929,0.0053992996991815145,1.2957556761900602,1.1695488865857562,0.8405172413793104
48,rmse,test_high_share_abs_change_pp,full_vs_fine_tuning,cer_scratch_full,fine_tuning,3,232,6.365238057898254,0.5618294599943161,0.574713177119339,0.012883717125022924,0.009808255121025178,2.6729346111081878,1.6276584577086775,0.8793103448275862
48,rmse,test_high_share_abs_change_pp,full_vs_fine_tuning,cer_scratch_full,fine_tuning,4,232,16.735212579699752,0.7112667789971308,0.7591880228053403,0.04792124380820957,0.0224916040154598,5.573647933706788,3.397717559433177,0.9181034482758621
48,smape,test_z_clock_rmse,source_transfer,direct_transfer,cer_scratch_limited,1,233,0.4468995900958787,63.94779057505909,64.59461263302887,0.6468220579697834,0.08943179044926097,1.0559278986189449,0.16008107085854992,0.5278969957081545
48,smape,test_z_clock_rmse,source_transfer,direct_transfer,cer_scratch_limited,2,232,0.6005975405813245,61.059691541563346,61.71581471700089,0.656123175437545,0.4067503715385854,1.229881400398549,0.7504519174472535,0.5991379310344828
48,smape,test_z_clock_rmse,source_transfer,direct_transfer,cer_scratch_limited,3,232,0.7448170201841541,62.69172466166108,63.9666153149754,1.2748906533143183,0.6245799281536115,1.9809168226528333,1.113036585431744,0.646551724137931
48,smape,test_z_clock_rmse,source_transfer,direct_transfer,cer_scratch_limited,4,232,1.05513645174447,71.98657400865882,74.52203501169058,2.5354610030317484,1.4678932267942564,3.3670991497764517,2.089298694956439,0.7801724137931034
48,smape,test_z_clock_rmse,fine_tuning,fine_tuning,direct_transfer,1,233,0.4468995900958787,68.54101049650346,63.94779057505909,-4.59321992144437,-4.616223595607096,-7.112035585130564,-7.046330429606259,0.004291845493562232
48,smape,test_z_clock_rmse,fine_tuning,fine_tuning,direct_transfer,2,232,0.6005975405813245,65.37628497866041,61.059691541563346,-4.3165934370970644,-4.117391306312506,-7.088098221067937,-7.0074766939134765,0.01293103448275862
48,smape,test_z_clock_rmse,fine_tuning,fine_tuning,direct_transfer,3,232,0.7448170201841541,67.01842886338018,62.69172466166108,-4.326704201719107,-4.150539957881659,-6.836462447321076,-6.820207287783802,0.017241379310344827
48,smape,test_z_clock_rmse,fine_tuning,fine_tuning,direct_transfer,4,232,1.05513645174447,76.68137988477245,71.98657400865882,-4.69480587611362,-4.177313019413397,-6.6949712371019015,-6.635252563027326,0.0603448275862069
48,smape,test_z_clock_rmse,full_data,cer_scratch_full,cer_scratch_limited,1,233,0.4468995900958787,64.98728522653063,64.59461263302887,-0.3926725935017697,-0.7316377098144997,-0.6615461938708992,-1.107657700389354,0.3776824034334764
48,smape,test_z_clock_rmse,full_data,cer_scratch_full,cer_scratch_limited,2,232,0.6005975405813245,62.060505957509356,61.71581471700089,-0.344691240508466,-0.2989465934146587,-0.6329229357919685,-0.41825799924589846,0.43103448275862066
48,smape,test_z_clock_rmse,full_data,cer_scratch_full,cer_scratch_limited,3,232,0.7448170201841541,63.937160778784595,63.9666153149754,0.029454536190799047,-0.3795826756539711,-0.27387084203035816,-0.7502563089670298,0.4525862068965517
48,smape,test_z_clock_rmse,full_data,cer_scratch_full,cer_scratch_limited,4,232,1.05513645174447,72.00102130051427,74.52203501169058,2.521013711176283,0.6511358552110416,2.5160074284321436,1.0966236348491765,0.5560344827586207
48,smape,test_z_clock_rmse,direct_vs_full,direct_transfer,cer_scratch_full,1,233,0.4468995900958787,63.94779057505909,64.98728522653063,1.039494651471553,1.0861446145668765,1.5556554913142482,1.656866048049021,0.703862660944206
48,smape,test_z_clock_rmse,direct_vs_full,direct_transfer,cer_scratch_full,2,232,0.6005975405813245,61.059691541563346,62.060505957509356,1.0008144159460108,1.0170584463121095,1.6305410706011356,1.687038419103703,0.6724137931034483
48,smape,test_z_clock_rmse,direct_vs_full,direct_transfer,cer_scratch_full,3,232,0.7448170201841541,62.69172466166108,63.937160778784595,1.2454361171235193,1.216518282679914,1.9022106721437049,2.1314367135997787,0.6594827586206896
48,smape,test_z_clock_rmse,direct_vs_full,direct_transfer,cer_scratch_full,4,232,1.05513645174447,71.98657400865882,72.00102130051427,0.01444729185546607,0.6117422844495266,-0.5213772142998554,0.8751464356930658,0.5603448275862069
48,smape,test_z_clock_rmse,fine_tuning_vs_limited,fine_tuning,cer_scratch_limited,1,233,0.4468995900958787,68.54101049650346,64.59461263302887,-3.946397863474587,-4.668180587176337,-6.038446226548568,-7.159793165935557,0.10300429184549356
48,smape,test_z_clock_rmse,fine_tuning_vs_limited,fine_tuning,cer_scratch_limited,2,232,0.6005975405813245,65.37628497866041,61.71581471700089,-3.6604702616595195,-4.005891676664362,-5.797096147866977,-6.200948289911127,0.10775862068965517
48,smape,test_z_clock_rmse,fine_tuning_vs_limited,fine_tuning,cer_scratch_limited,3,232,0.7448170201841541,67.01842886338018,63.9666153149754,-3.0518135484047884,-3.472218923505668,-4.760920097222866,-5.718470636607684,0.14655172413793102
48,smape,test_z_clock_rmse,fine_tuning_vs_limited,fine_tuning,cer_scratch_limited,4,232,1.05513645174447,76.68137988477245,74.52203501169058,-2.159344873081871,-3.4652785471955525,-3.1623457511278574,-4.761947344322191,0.27155172413793105
48,smape,test_z_clock_rmse,full_vs_fine_tuning,cer_scratch_full,fine_tuning,1,233,0.4468995900958787,64.98728522653063,68.54101049650346,3.553725269972818,2.9248893265972242,4.925254752789554,4.581242050113755,0.8583690987124464
48,smape,test_z_clock_rmse,full_vs_fine_tuning,cer_scratch_full,fine_tuning,2,232,0.6005975405813245,62.060505957509356,65.37628497866041,3.315779021151054,2.8233038100764674,4.705717549206374,4.538008027080014,0.853448275862069
48,smape,test_z_clock_rmse,full_vs_fine_tuning,cer_scratch_full,fine_tuning,3,232,0.7448170201841541,63.937160778784595,67.01842886338018,3.081268084595587,2.538372333698973,4.1481103741836485,4.034741795305759,0.7931034482758621
48,smape,test_z_clock_rmse,full_vs_fine_tuning,cer_scratch_full,fine_tuning,4,232,1.05513645174447,72.00102130051427,76.68137988477245,4.680358584258155,3.40487332441727,5.357391139722717,4.965629708767042,0.7155172413793104
48,smape,test_mean_abs_change_pct,source_transfer,direct_transfer,cer_scratch_limited,1,233,6.5005249337291255,63.795909903907614,63.943352621677725,0.14744271777011764,0.044348668611952746,0.20217007683762458,0.0702529753271749,0.5107296137339056
48,smape,test_mean_abs_change_pct,source_transfer,direct_transfer,cer_scratch_limited,2,232,19.598732108118142,63.06672482265915,63.35389537030143,0.28717054764227756,0.10296107394142417,0.4654008660396924,0.18432900728909185,0.5301724137931034
48,smape,test_mean_abs_change_pct,source_transfer,direct_transfer,cer_scratch_limited,3,232,39.58503196415356,63.828213873389046,64.82826576995538,1.0000518965663345,0.6186914383631503,1.569266270050131,1.1394588319229193,0.6637931034482759
48,smape,test_mean_abs_change_pct,source_transfer,direct_transfer,cer_scratch_limited,4,232,137.51540675880167,68.99558684505183,72.67637106998254,3.6807842249306995,2.173041066497106,5.400668049130458,3.497844183786687,0.8491379310344828
48,smape,test_mean_abs_change_pct,fine_tuning,fine_tuning,direct_transfer,1,233,6.5005249337291255,69.4175930249636,63.795909903907614,-5.621683121055972,-5.617268544072246,-8.936513377470998,-8.893617087607554,0.0
48,smape,test_mean_abs_change_pct,fine_tuning,fine_tuning,direct_transfer,2,232,19.598732108118142,67.94767000376082,63.06672482265915,-4.880945181101669,-4.762563663866487,-7.7051238277171725,-7.4262144696444725,0.004310344827586207
48,smape,test_mean_abs_change_pct,fine_tuning,fine_tuning,direct_transfer,3,232,39.58503196415356,68.13779570790278,63.828213873389046,-4.309581834513745,-3.950439765557732,-6.65011849351336,-6.5244718428229245,0.008620689655172414
48,smape,test_mean_abs_change_pct,fine_tuning,fine_tuning,direct_transfer,4,232,137.51540675880167,72.11026711372182,68.99558684505183,-3.1146802686699675,-2.706946584755194,-4.431947663504689,-4.121801402979337,0.08189655172413793
48,smape,test_mean_abs_change_pct,full_data,cer_scratch_full,cer_scratch_limited,1,233,6.5005249337291255,63.577213140470455,63.943352621677725,0.36613948120727335,0.44321331547928366,0.37875791423682026,0.6532958140262258,0.5536480686695279
48,smape,test_mean_abs_change_pct,full_data,cer_scratch_full,cer_scratch_limited,2,232,19.598732108118142,63.76398192394679,63.35389537030143,-0.410086553645368,-0.6258689763117857,-0.8348810533382311,-0.9782571097766752,0.38362068965517243
48,smape,test_mean_abs_change_pct,full_data,cer_scratch_full,cer_scratch_limited,3,232,39.58503196415356,65.00223131467874,64.82826576995538,-0.17396554472335682,-0.7515497244795419,-0.7134196439475946,-1.2122047911220462,0.3922413793103448
48,smape,test_mean_abs_change_pct,full_data,cer_scratch_full,cer_scratch_limited,4,232,137.51540675880167,70.64862478116557,72.67637106998254,2.027746288816966,-0.11993026418266695,2.112726170356425,-0.18538512050482714,0.4870689655172414
48,smape,test_mean_abs_change_pct,direct_vs_full,direct_transfer,cer_scratch_full,1,233,6.5005249337291255,63.795909903907614,63.577213140470455,-0.21869676343715566,-0.4600800202447388,-0.4173026019004094,-0.7189967986646884,0.40772532188841204
48,smape,test_mean_abs_change_pct,direct_vs_full,direct_transfer,cer_scratch_full,2,232,19.598732108118142,63.06672482265915,63.76398192394679,0.6972571012876456,0.8678791193063695,1.003467866558749,1.2534703220671952,0.6293103448275862
48,smape,test_mean_abs_change_pct,direct_vs_full,direct_transfer,cer_scratch_full,3,232,39.58503196415356,63.828213873389046,65.00223131467874,1.174017441289691,1.4911196023862416,1.9601087788673994,2.3390107005715715,0.75
48,smape,test_mean_abs_change_pct,direct_vs_full,direct_transfer,cer_scratch_full,4,232,137.51540675880167,68.99558684505183,70.64862478116557,1.6530379361137333,2.188864487201659,2.029260105945626,3.7180455677275193,0.8103448275862069
48,smape,test_mean_abs_change_pct,fine_tuning_vs_limited,fine_tuning,cer_scratch_limited,1,233,6.5005249337291255,69.4175930249636,63.943352621677725,-5.474240403285854,-5.703513458892758,-8.712889298063379,-9.141450519111391,0.008583690987124463
48,smape,test_mean_abs_change_pct,fine_tuning_vs_limited,fine_tuning,cer_scratch_limited,2,232,19.598732108118142,67.94767000376082,63.35389537030143,-4.593774633459391,-4.8378780519382865,-7.198592337603905,-7.546987816271722,0.04741379310344827
48,smape,test_mean_abs_change_pct,fine_tuning_vs_limited,fine_tuning,cer_scratch_limited,3,232,39.58503196415356,68.13779570790278,64.82826576995538,-3.3095299379474112,-3.4444311531993037,-4.978310791509409,-5.69680537916873,0.1206896551724138
48,smape,test_mean_abs_change_pct,fine_tuning_vs_limited,fine_tuning,cer_scratch_limited,4,232,137.51540675880167,72.11026711372182,72.67637106998254,0.5661039562607321,-0.3544989434407313,1.1425119762704041,-0.6007351330814856,0.4525862068965517
48,smape,test_mean_abs_change_pct,full_vs_fine_tuning,cer_scratch_full,fine_tuning,1,233,6.5005249337291255,63.577213140470455,69.4175930249636,5.840379884493127,5.800750329816786,8.29356237134825,8.43997916001662,0.9399141630901288
48,smape,test_mean_abs_change_pct,full_vs_fine_tuning,cer_scratch_full,fine_tuning,2,232,19.598732108118142,63.76398192394679,67.94767000376082,4.183688079814024,3.2671862684130843,5.835470445738324,5.07446396511765,0.9051724137931034
48,smape,test_mean_abs_change_pct,full_vs_fine_tuning,cer_scratch_full,fine_tuning,3,232,39.58503196415356,65.00223131467874,68.13779570790278,3.1355643932240542,2.3520252052440327,3.9982816827437944,3.649977605999021,0.8232758620689655
48,smape,test_mean_abs_change_pct,full_vs_fine_tuning,cer_scratch_full,fine_tuning,4,232,137.51540675880167,70.64862478116557,72.11026711372182,1.4616423325562335,0.3824165344993382,0.9946407487505529,0.5725193168192033,0.5517241379310345
48,smape,test_low_share_abs_change_pp,source_transfer,direct_transfer,cer_scratch_limited,1,233,0.3774889644805708,53.717541897625985,54.751945192582475,1.0344032949564927,0.5008990284189565,2.0270360707740607,0.9986761063572167,0.648068669527897
48,smape,test_low_share_abs_change_pp,source_transfer,direct_transfer,cer_scratch_limited,2,232,3.1579828658870066,63.14788941348776,63.62197041437476,0.4740810008870018,0.3666120523867704,0.8326610391498209,0.6035391212692136,0.5646551724137931
48,smape,test_low_share_abs_change_pp,source_transfer,direct_transfer,cer_scratch_limited,3,232,8.19414557490423,66.47725665957083,67.42803973885674,0.9507830792859266,0.39745700044836063,1.400115574202028,0.5607586575940209,0.6120689655172413
48,smape,test_low_share_abs_change_pp,source_transfer,direct_transfer,cer_scratch_limited,4,232,24.74905530954693,76.38718871572947,79.03954762157333,2.652358905843859,1.5508627115513391,3.369826776233994,1.994063404260975,0.728448275862069
48,smape,test_low_share_abs_change_pp,fine_tuning,fine_tuning,direct_transfer,1,233,0.3774889644805708,57.40253676858806,53.717541897625985,-3.684994870962075,-3.646568089565079,-6.735370198000494,-6.554802524144323,0.02575107296137339
48,smape,test_low_share_abs_change_pp,fine_tuning,fine_tuning,direct_transfer,2,232,3.1579828658870066,67.82973791075545,63.14788941348776,-4.6818484972676995,-4.597270053278322,-7.328830074012854,-7.197894761634956,0.004310344827586207
48,smape,test_low_share_abs_change_pp,fine_tuning,fine_tuning,direct_transfer,3,232,8.19414557490423,71.22941492495502,66.47725665957083,-4.752158265384212,-4.7451313543265385,-7.177454223317124,-6.999854073303872,0.017241379310344827
48,smape,test_low_share_abs_change_pp,fine_tuning,fine_tuning,direct_transfer,4,232,24.74905530954693,81.20342528163825,76.38718871572947,-4.816236565908807,-4.306989623848885,-6.491536552994152,-6.71251917344723,0.04741379310344827
48,smape,test_low_share_abs_change_pp,full_data,cer_scratch_full,cer_scratch_limited,1,233,0.3774889644805708,54.65774437906073,54.751945192582475,0.09420081352174768,-0.26695723288255735,0.26813546328837157,-0.4534357051733371,0.4592274678111588
48,smape,test_low_share_abs_change_pp,full_data,cer_scratch_full,cer_scratch_limited,2,232,3.1579828658870066,64.32653740905475,63.62197041437476,-0.7045669946799888,-0.5644887638456488,-1.2397329596692317,-0.8615929863883085,0.41379310344827586
48,smape,test_low_share_abs_change_pp,full_data,cer_scratch_full,cer_scratch_limited,3,232,8.19414557490423,67.85943754907193,67.42803973885674,-0.4313978102151839,-0.6199787338631637,-0.7441946077303846,-0.9104456686823039,0.4051724137931034
48,smape,test_low_share_abs_change_pp,full_data,cer_scratch_full,cer_scratch_limited,4,232,24.74905530954693,76.1867778091147,79.03954762157333,2.8527698124586185,0.48194070058604055,2.6594523123279243,0.694769515292937,0.5387931034482759
48,smape,test_low_share_abs_change_pp,direct_vs_full,direct_transfer,cer_scratch_full,1,233,0.3774889644805708,53.717541897625985,54.65774437906073,0.9402024814347452,0.9302585648590309,1.5053461092699791,1.759189266999658,0.6866952789699571
48,smape,test_low_share_abs_change_pp,direct_vs_full,direct_transfer,cer_scratch_full,2,232,3.1579828658870066,63.14788941348776,64.32653740905475,1.1786479955669906,0.9530889572602383,1.8078214320710753,1.6416373698938758,0.625
48,smape,test_low_share_abs_change_pp,direct_vs_full,direct_transfer,cer_scratch_full,3,232,8.19414557490423,66.47725665957083,67.85943754907193,1.3821808895011105,0.9549861927024068,1.6411721754148834,1.4361995847472835,0.646551724137931
48,smape,test_low_share_abs_change_pp,direct_vs_full,direct_transfer,cer_scratch_full,4,232,24.74905530954693,76.38718871572947,76.1867778091147,-0.20041090661475924,1.1719560395723967,-0.387092846212031,1.2515641042686072,0.6379310344827587
48,smape,test_low_share_abs_change_pp,fine_tuning_vs_limited,fine_tuning,cer_scratch_limited,1,233,0.3774889644805708,57.40253676858806,54.751945192582475,-2.6505915760055823,-2.9298830381876897,-4.635729147873326,-5.711913987161787,0.1630901287553648
48,smape,test_low_share_abs_change_pp,fine_tuning_vs_limited,fine_tuning,cer_scratch_limited,2,232,3.1579828658870066,67.82973791075545,63.62197041437476,-4.207767496380698,-4.448198357166206,-6.453727772157666,-7.0008544953616285,0.08620689655172414
48,smape,test_low_share_abs_change_pp,fine_tuning_vs_limited,fine_tuning,cer_scratch_limited,3,232,8.19414557490423,71.22941492495502,67.42803973885674,-3.8013751860982854,-4.257070796763941,-5.7028885131667035,-6.37029993203161,0.11637931034482758
48,smape,test_low_share_abs_change_pp,fine_tuning_vs_limited,fine_tuning,cer_scratch_limited,4,232,24.74905530954693,81.20342528163825,79.03954762157333,-2.163877660064947,-3.2747147828349945,-2.972508983873208,-4.23485824334765,0.2629310344827586
48,smape,test_low_share_abs_change_pp,full_vs_fine_tuning,cer_scratch_full,fine_tuning,1,233,0.3774889644805708,54.65774437906073,57.40253676858806,2.7447923895273294,2.252535727232001,4.5044502162406905,4.169817097176905,0.8412017167381974
48,smape,test_low_share_abs_change_pp,full_vs_fine_tuning,cer_scratch_full,fine_tuning,2,232,3.1579828658870066,64.32653740905475,67.82973791075545,3.503200501700708,3.0604564885517256,4.798643713047035,4.707164060041477,0.8362068965517241
48,smape,test_low_share_abs_change_pp,full_vs_fine_tuning,cer_scratch_full,fine_tuning,3,232,8.19414557490423,67.85943754907193,71.22941492495502,3.369977375883102,2.821250168930696,4.511432262778336,4.093300786282768,0.7758620689655172
48,smape,test_low_share_abs_change_pp,full_vs_fine_tuning,cer_scratch_full,fine_tuning,4,232,24.74905530954693,76.1867778091147,81.20342528163825,5.016647472523566,3.399359716853475,5.323761436493771,4.3961241421955926,0.7672413793103449
48,smape,test_high_share_abs_change_pp,source_transfer,direct_transfer,cer_scratch_limited,1,233,0.5815469077633973,67.5356459363883,68.53597897332986,1.0003330369415553,0.5251069110092743,1.461292746637878,0.8075385595409568,0.6394849785407726
48,smape,test_high_share_abs_change_pp,source_transfer,direct_transfer,cer_scratch_limited,2,232,2.591100036982731,66.65787354526479,67.44264412806459,0.7847705827997871,0.29312594794193103,0.9833402565619768,0.4096119079525614,0.5732758620689655
48,smape,test_high_share_abs_change_pp,source_transfer,direct_transfer,cer_scratch_limited,3,232,6.365238057898254,64.28334374807658,64.91183679483535,0.6284930467587687,0.14583391032998705,1.005740995053425,0.283845212009332,0.5387931034482759
48,smape,test_high_share_abs_change_pp,source_transfer,direct_transfer,cer_scratch_limited,4,232,16.735212579699752,61.193452663413815,63.8916291324474,2.6981764690335788,1.6964705168504715,4.181704010917556,2.7189622149797756,0.8017241379310345
48,smape,test_high_share_abs_change_pp,fine_tuning,fine_tuning,direct_transfer,1,233,0.5815469077633973,72.69616267362817,67.5356459363883,-5.160516737239858,-5.324645895354166,-7.91311091796555,-8.198820233267922,0.02575107296137339
48,smape,test_high_share_abs_change_pp,fine_tuning,fine_tuning,direct_transfer,2,232,2.591100036982731,71.86158296208377,66.65787354526479,-5.203709416818982,-4.9686481384401375,-8.002965147019761,-7.995577974569239,0.01293103448275862
48,smape,test_high_share_abs_change_pp,fine_tuning,fine_tuning,direct_transfer,3,232,6.365238057898254,68.75908803037589,64.28334374807658,-4.475744282299315,-4.212383858861649,-6.923779505819224,-6.762465393426316,0.017241379310344827
48,smape,test_high_share_abs_change_pp,fine_tuning,fine_tuning,direct_transfer,4,232,16.735212579699752,64.28236041853415,61.193452663413815,-3.0889077551203368,-2.7744834091698323,-4.88825900889955,-4.928416996568437,0.03879310344827586
48,smape,test_high_share_abs_change_pp,full_data,cer_scratch_full,cer_scratch_limited,1,233,0.5815469077633973,68.20043457502513,68.53597897332986,0.3355443983047314,0.11130129982993253,0.21890242588567166,0.19154080054875172,0.5150214592274678
48,smape,test_high_share_abs_change_pp,full_data,cer_scratch_full,cer_scratch_limited,2,232,2.591100036982731,67.29662160705662,67.44264412806459,0.14602252100794375,-0.21499554740064752,-0.4013017037381696,-0.31246688859350785,0.47413793103448276
48,smape,test_high_share_abs_change_pp,full_data,cer_scratch_full,cer_scratch_limited,3,232,6.365238057898254,65.35474158184682,64.91183679483535,-0.44290478701147384,-1.3345226342591943,-1.083613804609825,-2.0759986824879295,0.3017241379310345
48,smape,test_high_share_abs_change_pp,full_data,cer_scratch_full,cer_scratch_limited,4,232,16.735212579699752,62.120325717735746,63.8916291324474,1.7713034147116515,0.251433119453246,2.209885502047118,0.38781552235313266,0.5258620689655172
48,smape,test_high_share_abs_change_pp,direct_vs_full,direct_transfer,cer_scratch_full,1,233,0.5815469077633973,67.5356459363883,68.20043457502513,0.664788638636824,0.36661850376295035,0.7733437592928306,0.45913372433589517,0.5536480686695279
48,smape,test_high_share_abs_change_pp,direct_vs_full,direct_transfer,cer_scratch_full,2,232,2.591100036982731,66.65787354526479,67.29662160705662,0.6387480617918433,0.7572783096674947,0.9531193921443344,1.102873637998619,0.5775862068965517
48,smape,test_high_share_abs_change_pp,direct_vs_full,direct_transfer,cer_scratch_full,3,232,6.365238057898254,64.28334374807658,65.35474158184682,1.0713978337702426,1.5626568908007776,1.3705209839872363,2.6315851419865406,0.7155172413793104
48,smape,test_high_share_abs_change_pp,direct_vs_full,direct_transfer,cer_scratch_full,4,232,16.735212579699752,61.193452663413815,62.120325717735746,0.9268730543219272,1.1810015871080886,1.47341791766251,2.108812236394245,0.75
48,smape,test_high_share_abs_change_pp,fine_tuning_vs_limited,fine_tuning,cer_scratch_limited,1,233,0.5815469077633973,72.69616267362817,68.53597897332986,-4.160183700298301,-4.914279315090354,-6.357501971754584,-7.315461600521617,0.12875536480686695
48,smape,test_high_share_abs_change_pp,fine_tuning_vs_limited,fine_tuning,cer_scratch_limited,2,232,2.591100036982731,71.86158296208377,67.44264412806459,-4.418938834019195,-4.900516496854014,-6.971684641437,-7.517305496240704,0.06896551724137931
48,smape,test_high_share_abs_change_pp,fine_tuning_vs_limited,fine_tuning,cer_scratch_limited,3,232,6.365238057898254,68.75908803037589,64.91183679483535,-3.847251235540548,-4.073333806265776,-5.870032780356698,-6.652248530017003,0.08620689655172414
48,smape,test_high_share_abs_change_pp,fine_tuning_vs_limited,fine_tuning,cer_scratch_limited,4,232,16.735212579699752,64.28236041853415,63.8916291324474,-0.39073128608675783,-1.3623281425639213,-0.558213588936924,-2.446671282038877,0.3448275862068966
48,smape,test_high_share_abs_change_pp,full_vs_fine_tuning,cer_scratch_full,fine_tuning,1,233,0.5815469077633973,68.20043457502513,72.69616267362817,4.495728098603033,4.9422114856102155,6.052249997820295,6.504526100656161,0.8540772532188842
48,smape,test_high_share_abs_change_pp,full_vs_fine_tuning,cer_scratch_full,fine_tuning,2,232,2.591100036982731,67.29662160705662,71.86158296208377,4.564961355027139,4.042877697548462,6.010137931415785,5.727854867251935,0.8577586206896551
48,smape,test_high_share_abs_change_pp,full_vs_fine_tuning,cer_scratch_full,fine_tuning,3,232,6.365238057898254,65.35474158184682,68.75908803037589,3.4043464485290738,2.5774541100300006,4.370804340460037,3.784905721471829,0.8103448275862069
48,smape,test_high_share_abs_change_pp,full_vs_fine_tuning,cer_scratch_full,fine_tuning,4,232,16.735212579699752,62.120325717735746,64.28236041853415,2.1620347007984093,1.2202547060930513,2.6984238080810465,2.1677486471367198,0.6982758620689655
